solid OpenSCAD_Model
  facet normal 0 1 0
    outer loop
      vertex -12.30575026207767 -15.9 8.222439448690112
      vertex -10.241313266380269 -15.9 7.5
      vertex -12.754991980002865 -15.9 7.5
    endloop
  endfacet
  facet normal 0 1 0
    outer loop
      vertex -12.30575026207767 -15.9 8.222439448690112
      vertex -10.075587421698685 -15.9 7.7312701484107516
      vertex -10.241313266380269 -15.9 7.5
    endloop
  endfacet
  facet normal 0 1 0
    outer loop
      vertex -12.30575026207767 -15.9 8.222439448690112
      vertex -11.741629436310282 -15.9 9.009669149329065
      vertex -9.548365554983013 -15.9 8.373691851770873
    endloop
  endfacet
  facet normal 0.8492021815265791 0 -0.5280678506503677
    outer loop
      vertex -12.30575026207767 -15.9 8.222439448690112
      vertex -12.754991980002865 -15.9 7.5
      vertex -12.30575026207767 -10.1 8.222439448690112
    endloop
  endfacet
  facet normal 0.812846684591616 0 -0.582477696867801
    outer loop
      vertex -12.30575026207767 -15.9 8.222439448690112
      vertex -11.741629436310282 -10.1 9.009669149329065
      vertex -11.741629436310282 -15.9 9.009669149329065
    endloop
  endfacet
  facet normal 0.7730104533627361 0 -0.6343932841636464
    outer loop
      vertex -11.741629436310282 -15.9 9.009669149329065
      vertex -11.127229150688866 -10.1 9.758318063481019
      vertex -11.127229150688866 -15.9 9.758318063481019
    endloop
  endfacet
  facet normal 0.8492021815265791 0 -0.5280678506503677
    outer loop
      vertex -12.30575026207767 -10.1 8.222439448690112
      vertex -12.754991980002865 -15.9 7.5
      vertex -12.754991980002865 -10.1 7.5
    endloop
  endfacet
  facet normal 0.812846684591616 0 -0.582477696867801
    outer loop
      vertex -12.30575026207767 -15.9 8.222439448690112
      vertex -12.30575026207767 -10.1 8.222439448690112
      vertex -11.741629436310282 -10.1 9.009669149329065
    endloop
  endfacet
  facet normal 0 -1 0
    outer loop
      vertex -12.30575026207767 -10.1 8.222439448690112
      vertex -12.754991980002865 -10.1 7.5
      vertex -10.075587421698685 -10.1 7.7312701484107516
    endloop
  endfacet
  facet normal 0 -1 0
    outer loop
      vertex -10.075587421698685 -10.1 7.7312701484107516
      vertex -12.754991980002865 -10.1 7.5
      vertex -10.241313266380269 -10.1 7.5
    endloop
  endfacet
  facet normal 0 -1 0
    outer loop
      vertex -12.30575026207767 -10.1 8.222439448690112
      vertex -10.075587421698685 -10.1 7.7312701484107516
      vertex -11.741629436310282 -10.1 9.009669149329065
    endloop
  endfacet
  facet normal 0.7730104533627361 0 -0.6343932841636464
    outer loop
      vertex -11.741629436310282 -15.9 9.009669149329065
      vertex -11.741629436310282 -10.1 9.009669149329065
      vertex -11.127229150688866 -10.1 9.758318063481019
    endloop
  endfacet
  facet normal 0.7298640726978365 0 -0.6835923020228704
    outer loop
      vertex -11.127229150688866 -15.9 9.758318063481019
      vertex -11.127229150688866 -10.1 9.758318063481019
      vertex -10.465180361560904 -10.1 10.465180361560904
    endloop
  endfacet
  facet normal 0 1 0
    outer loop
      vertex -12.30575026207767 -15.9 8.222439448690112
      vertex -9.548365554983013 -15.9 8.373691851770873
      vertex -10.075587421698685 -15.9 7.7312701484107516
    endloop
  endfacet
  facet normal 0 1 0
    outer loop
      vertex -11.741629436310282 -15.9 9.009669149329065
      vertex -8.980256121069154 -15.9 8.980256121069154
      vertex -9.548365554983013 -15.9 8.373691851770873
    endloop
  endfacet
  facet normal 0 1 0
    outer loop
      vertex -11.741629436310282 -15.9 9.009669149329065
      vertex -11.127229150688866 -15.9 9.758318063481019
      vertex -8.373691851770873 -15.9 9.548365554983013
    endloop
  endfacet
  facet normal 0 1 0
    outer loop
      vertex -11.741629436310282 -15.9 9.009669149329065
      vertex -8.373691851770873 -15.9 9.548365554983013
      vertex -8.980256121069154 -15.9 8.980256121069154
    endloop
  endfacet
  facet normal 0 1 0
    outer loop
      vertex -11.127229150688866 -15.9 9.758318063481019
      vertex -7.7312701484107516 -15.9 10.075587421698685
      vertex -8.373691851770873 -15.9 9.548365554983013
    endloop
  endfacet
  facet normal 0 1 0
    outer loop
      vertex -11.127229150688866 -15.9 9.758318063481019
      vertex -10.465180361560904 -15.9 10.465180361560904
      vertex -7.7312701484107516 -15.9 10.075587421698685
    endloop
  endfacet
  facet normal 0.7298640726978365 0 -0.6835923020228704
    outer loop
      vertex -11.127229150688866 -15.9 9.758318063481019
      vertex -10.465180361560904 -10.1 10.465180361560904
      vertex -10.465180361560904 -15.9 10.465180361560904
    endloop
  endfacet
  facet normal 0.6835923020228704 0 -0.7298640726978365
    outer loop
      vertex -10.465180361560904 -15.9 10.465180361560904
      vertex -10.465180361560904 -10.1 10.465180361560904
      vertex -9.758318063481019 -15.9 11.127229150688866
    endloop
  endfacet
  facet normal 0 1 0
    outer loop
      vertex -10.465180361560904 -15.9 10.465180361560904
      vertex -7.055741959348947 -15.9 10.559664076242324
      vertex -7.7312701484107516 -15.9 10.075587421698685
    endloop
  endfacet
  facet normal 0 1 0
    outer loop
      vertex -10.465180361560904 -15.9 10.465180361560904
      vertex -6.35 -15.9 10.99852262806237
      vertex -7.055741959348947 -15.9 10.559664076242324
    endloop
  endfacet
  facet normal 0 -1 0
    outer loop
      vertex -11.741629436310282 -10.1 9.009669149329065
      vertex -10.075587421698685 -10.1 7.7312701484107516
      vertex -9.548365554983013 -10.1 8.373691851770873
    endloop
  endfacet
  facet normal 0 -1 0
    outer loop
      vertex -11.741629436310282 -10.1 9.009669149329065
      vertex -9.548365554983013 -10.1 8.373691851770873
      vertex -8.980256121069154 -10.1 8.980256121069154
    endloop
  endfacet
  facet normal 0 -1 0
    outer loop
      vertex -11.741629436310282 -10.1 9.009669149329065
      vertex -8.980256121069154 -10.1 8.980256121069154
      vertex -11.127229150688866 -10.1 9.758318063481019
    endloop
  endfacet
  facet normal 0 -1 0
    outer loop
      vertex -11.127229150688866 -10.1 9.758318063481019
      vertex -8.373691851770873 -10.1 9.548365554983013
      vertex -10.465180361560904 -10.1 10.465180361560904
    endloop
  endfacet
  facet normal 0 -1 0
    outer loop
      vertex -11.127229150688866 -10.1 9.758318063481019
      vertex -8.980256121069154 -10.1 8.980256121069154
      vertex -8.373691851770873 -10.1 9.548365554983013
    endloop
  endfacet
  facet normal 0 -1 0
    outer loop
      vertex -10.465180361560904 -10.1 10.465180361560904
      vertex -7.7312701484107516 -10.1 10.075587421698685
      vertex -9.758318063481019 -10.1 11.127229150688866
    endloop
  endfacet
  facet normal 0 -1 0
    outer loop
      vertex -10.465180361560904 -10.1 10.465180361560904
      vertex -8.373691851770873 -10.1 9.548365554983013
      vertex -7.7312701484107516 -10.1 10.075587421698685
    endloop
  endfacet
  facet normal 0 -1 0
    outer loop
      vertex -9.758318063481019 -10.1 11.127229150688866
      vertex -7.7312701484107516 -10.1 10.075587421698685
      vertex -7.055741959348947 -10.1 10.559664076242324
    endloop
  endfacet
  facet normal 0.6343932841636464 0 -0.7730104533627361
    outer loop
      vertex -9.758318063481019 -15.9 11.127229150688866
      vertex -9.758318063481019 -10.1 11.127229150688866
      vertex -9.009669149329065 -15.9 11.741629436310282
    endloop
  endfacet
  facet normal 0 1 0
    outer loop
      vertex -10.465180361560904 -15.9 10.465180361560904
      vertex -9.758318063481019 -15.9 11.127229150688866
      vertex -6.35 -15.9 10.99852262806237
    endloop
  endfacet
  facet normal 0 1 0
    outer loop
      vertex -9.758318063481019 -15.9 11.127229150688866
      vertex -9.009669149329065 -15.9 11.741629436310282
      vertex -5.617066365781316 -15.9 11.390283817465141
    endloop
  endfacet
  facet normal 0 1 0
    outer loop
      vertex -9.758318063481019 -15.9 11.127229150688866
      vertex -5.617066365781316 -15.9 11.390283817465141
      vertex -6.35 -15.9 10.99852262806237
    endloop
  endfacet
  facet normal 0.582477696867801 0 -0.812846684591616
    outer loop
      vertex -9.009669149329065 -15.9 11.741629436310282
      vertex -9.009669149329065 -10.1 11.741629436310282
      vertex -8.222439448690112 -15.9 12.30575026207767
    endloop
  endfacet
  facet normal 0.5280678506503681 0 -0.8492021815265788
    outer loop
      vertex -8.222439448690112 -15.9 12.30575026207767
      vertex -8.222439448690112 -10.1 12.30575026207767
      vertex -7.4 -15.9 12.817175976009691
    endloop
  endfacet
  facet normal 0.6835923020228704 0 -0.7298640726978365
    outer loop
      vertex -9.758318063481019 -15.9 11.127229150688866
      vertex -10.465180361560904 -10.1 10.465180361560904
      vertex -9.758318063481019 -10.1 11.127229150688866
    endloop
  endfacet
  facet normal 0.6343932841636464 0 -0.7730104533627361
    outer loop
      vertex -9.758318063481019 -10.1 11.127229150688866
      vertex -9.009669149329065 -10.1 11.741629436310282
      vertex -9.009669149329065 -15.9 11.741629436310282
    endloop
  endfacet
  facet normal 0.582477696867801 0 -0.812846684591616
    outer loop
      vertex -8.222439448690112 -15.9 12.30575026207767
      vertex -9.009669149329065 -10.1 11.741629436310282
      vertex -8.222439448690112 -10.1 12.30575026207767
    endloop
  endfacet
  facet normal 0 -1 0
    outer loop
      vertex -9.758318063481019 -10.1 11.127229150688866
      vertex -6.35 -10.1 10.99852262806237
      vertex -9.009669149329065 -10.1 11.741629436310282
    endloop
  endfacet
  facet normal 0 -1 0
    outer loop
      vertex -9.758318063481019 -10.1 11.127229150688866
      vertex -7.055741959348947 -10.1 10.559664076242324
      vertex -6.35 -10.1 10.99852262806237
    endloop
  endfacet
  facet normal 0 -1 0
    outer loop
      vertex -9.009669149329065 -10.1 11.741629436310282
      vertex -4.86007959103664 -10.1 11.733270062893341
      vertex -8.222439448690112 -10.1 12.30575026207767
    endloop
  endfacet
  facet normal 0.5280678506503681 0 -0.8492021815265788
    outer loop
      vertex -8.222439448690112 -10.1 12.30575026207767
      vertex -7.4 -10.1 12.817175976009691
      vertex -7.4 -15.9 12.817175976009691
    endloop
  endfacet
  facet normal 0 1 0
    outer loop
      vertex -9.009669149329065 -15.9 11.741629436310282
      vertex -4.86007959103664 -15.9 11.733270062893341
      vertex -5.617066365781316 -15.9 11.390283817465141
    endloop
  endfacet
  facet normal 0 1 0
    outer loop
      vertex -9.009669149329065 -15.9 11.741629436310282
      vertex -8.222439448690112 -15.9 12.30575026207767
      vertex -4.0822812093501515 -15.9 12.026012644587842
    endloop
  endfacet
  facet normal 0 1 0
    outer loop
      vertex -9.009669149329065 -15.9 11.741629436310282
      vertex -4.0822812093501515 -15.9 12.026012644587842
      vertex -4.86007959103664 -15.9 11.733270062893341
    endloop
  endfacet
  facet normal 0 1 0
    outer loop
      vertex -8.222439448690112 -15.9 12.30575026207767
      vertex -3.2870018728020134 -15.9 12.267257993871167
      vertex -4.0822812093501515 -15.9 12.026012644587842
    endloop
  endfacet
  facet normal 0 1 0
    outer loop
      vertex -8.222439448690112 -15.9 12.30575026207767
      vertex -2.4776470896048286 -15.9 12.455973061121027
      vertex -3.2870018728020134 -15.9 12.267257993871167
    endloop
  endfacet
  facet normal 0 1 0
    outer loop
      vertex -8.222439448690112 -15.9 12.30575026207767
      vertex -7.4 -15.9 12.817175976009691
      vertex -1.6576826411946548 -15.9 12.591349739447391
    endloop
  endfacet
  facet normal 0.4713967368259984 0 -0.8819212643483546
    outer loop
      vertex -7.4 -15.9 12.817175976009691
      vertex -7.4 -10.1 12.817175976009691
      vertex -6.54587261524122 -15.9 13.273716574683787
    endloop
  endfacet
  facet normal 0.4127070298043955 0 -0.9108638249211756
    outer loop
      vertex -6.54587261524122 -15.9 13.273716574683787
      vertex -6.54587261524122 -10.1 13.273716574683787
      vertex -5.663714799003329 -15.9 13.673417081167045
    endloop
  endfacet
  facet normal 0 1 0
    outer loop
      vertex -8.222439448690112 -15.9 12.30575026207767
      vertex -1.6576826411946548 -15.9 12.591349739447391
      vertex -2.4776470896048286 -15.9 12.455973061121027
    endloop
  endfacet
  facet normal 0.35225004792123266 0 -0.935905926757326
    outer loop
      vertex -5.663714799003329 -15.9 13.673417081167045
      vertex -5.663714799003329 -10.1 13.673417081167045
      vertex -4.7573040864867915 -15.9 14.014565916527564
    endloop
  endfacet
  facet normal 0 -1 0
    outer loop
      vertex -9.009669149329065 -10.1 11.741629436310282
      vertex -6.35 -10.1 10.99852262806237
      vertex -5.617066365781316 -10.1 11.390283817465141
    endloop
  endfacet
  facet normal 0 -1 0
    outer loop
      vertex -9.009669149329065 -10.1 11.741629436310282
      vertex -5.617066365781316 -10.1 11.390283817465141
      vertex -4.86007959103664 -10.1 11.733270062893341
    endloop
  endfacet
  facet normal 0 -1 0
    outer loop
      vertex -8.222439448690112 -10.1 12.30575026207767
      vertex -4.86007959103664 -10.1 11.733270062893341
      vertex -4.0822812093501515 -10.1 12.026012644587842
    endloop
  endfacet
  facet normal 0 -1 0
    outer loop
      vertex -8.222439448690112 -10.1 12.30575026207767
      vertex -4.0822812093501515 -10.1 12.026012644587842
      vertex -3.2870018728020134 -10.1 12.267257993871167
    endloop
  endfacet
  facet normal 0.4713967368259984 0 -0.8819212643483546
    outer loop
      vertex -6.54587261524122 -15.9 13.273716574683787
      vertex -7.4 -10.1 12.817175976009691
      vertex -6.54587261524122 -10.1 13.273716574683787
    endloop
  endfacet
  facet normal 0.4127070298043955 0 -0.9108638249211756
    outer loop
      vertex -5.663714799003329 -15.9 13.673417081167045
      vertex -6.54587261524122 -10.1 13.273716574683787
      vertex -5.663714799003329 -10.1 13.673417081167045
    endloop
  endfacet
  facet normal 0 -1 0
    outer loop
      vertex -8.222439448690112 -10.1 12.30575026207767
      vertex -3.2870018728020134 -10.1 12.267257993871167
      vertex -7.4 -10.1 12.817175976009691
    endloop
  endfacet
  facet normal 0.35225004792123266 0 -0.935905926757326
    outer loop
      vertex -4.7573040864867915 -15.9 14.014565916527564
      vertex -5.663714799003329 -10.1 13.673417081167045
      vertex -4.7573040864867915 -10.1 14.014565916527564
    endloop
  endfacet
  facet normal 0 -1 0
    outer loop
      vertex -7.4 -10.1 12.817175976009691
      vertex -3.2870018728020134 -10.1 12.267257993871167
      vertex -2.4776470896048286 -10.1 12.455973061121027
    endloop
  endfacet
  facet normal 0 -1 0
    outer loop
      vertex -7.4 -10.1 12.817175976009691
      vertex -2.4776470896048286 -10.1 12.455973061121027
      vertex -1.6576826411946548 -10.1 12.591349739447391
    endloop
  endfacet
  facet normal 0 1 0
    outer loop
      vertex -7.4 -15.9 12.817175976009691
      vertex -0.8306197412228168 -15.9 12.672808325130264
      vertex -1.6576826411946548 -15.9 12.591349739447391
    endloop
  endfacet
  facet normal 0 1 0
    outer loop
      vertex -7.4 -15.9 12.817175976009691
      vertex 0 -15.9 12.7
      vertex -0.8306197412228168 -15.9 12.672808325130264
    endloop
  endfacet
  facet normal 0 1 0
    outer loop
      vertex -7.4 -15.9 12.817175976009691
      vertex -6.54587261524122 -15.9 13.273716574683787
      vertex 6.54587261524122 -15.9 13.273716574683787
    endloop
  endfacet
  facet normal 0 1 0
    outer loop
      vertex -6.54587261524122 -15.9 13.273716574683787
      vertex -5.663714799003329 -15.9 13.673417081167045
      vertex 5.663714799003329 -15.9 13.673417081167045
    endloop
  endfacet
  facet normal 0 1 0
    outer loop
      vertex -5.663714799003329 -15.9 13.673417081167045
      vertex -4.7573040864867915 -15.9 14.014565916527564
      vertex 4.7573040864867915 -15.9 14.014565916527564
    endloop
  endfacet
  facet normal 0 -1 0
    outer loop
      vertex -7.4 -10.1 12.817175976009691
      vertex -1.6576826411946548 -10.1 12.591349739447391
      vertex -0.8306197412228168 -10.1 12.672808325130264
    endloop
  endfacet
  facet normal 0 -1 0
    outer loop
      vertex -7.4 -10.1 12.817175976009691
      vertex -0.8306197412228168 -10.1 12.672808325130264
      vertex 0 -10.1 12.7
    endloop
  endfacet
  facet normal 0 -1 0
    outer loop
      vertex -7.4 -10.1 12.817175976009691
      vertex 7.4 -10.1 12.817175976009691
      vertex -6.54587261524122 -10.1 13.273716574683787
    endloop
  endfacet
  facet normal 0 -1 0
    outer loop
      vertex -6.54587261524122 -10.1 13.273716574683787
      vertex 6.54587261524122 -10.1 13.273716574683787
      vertex -5.663714799003329 -10.1 13.673417081167045
    endloop
  endfacet
  facet normal 0 -1 0
    outer loop
      vertex -5.663714799003329 -10.1 13.673417081167045
      vertex 5.663714799003329 -10.1 13.673417081167045
      vertex -4.7573040864867915 -10.1 14.014565916527564
    endloop
  endfacet
  facet normal 0.29028467725446216 0 -0.9569403357322089
    outer loop
      vertex -4.7573040864867915 -15.9 14.014565916527564
      vertex -4.7573040864867915 -10.1 14.014565916527564
      vertex -3.830521867517307 -15.9 14.295702229078211
    endloop
  endfacet
  facet normal 0.29028467725446216 0 -0.9569403357322089
    outer loop
      vertex -3.830521867517307 -15.9 14.295702229078211
      vertex -4.7573040864867915 -10.1 14.014565916527564
      vertex -3.830521867517307 -10.1 14.295702229078211
    endloop
  endfacet
  facet normal 0.22707626303437334 0 -0.9738769792773336
    outer loop
      vertex -3.830521867517307 -15.9 14.295702229078211
      vertex -3.830521867517307 -10.1 14.295702229078211
      vertex -2.887336765838698 -15.9 14.515622149967811
    endloop
  endfacet
  facet normal 0.16289547339458937 0 -0.986643332084879
    outer loop
      vertex -2.887336765838698 -15.9 14.515622149967811
      vertex -2.887336765838698 -10.1 14.515622149967811
      vertex -1.9317876448567635 -15.9 14.673383948332395
    endloop
  endfacet
  facet normal 0 1 0
    outer loop
      vertex -4.7573040864867915 -15.9 14.014565916527564
      vertex -3.830521867517307 -15.9 14.295702229078211
      vertex 3.830521867517307 -15.9 14.295702229078211
    endloop
  endfacet
  facet normal 0 1 0
    outer loop
      vertex -3.830521867517307 -15.9 14.295702229078211
      vertex -2.887336765838698 -15.9 14.515622149967811
      vertex 2.887336765838698 -15.9 14.515622149967811
    endloop
  endfacet
  facet normal 0 1 0
    outer loop
      vertex -2.887336765838698 -15.9 14.515622149967811
      vertex -1.9317876448567635 -15.9 14.673383948332395
      vertex 1.9317876448567635 -15.9 14.673383948332395
    endloop
  endfacet
  facet normal 0 1 0
    outer loop
      vertex -1.9317876448567635 -15.9 14.673383948332395
      vertex -0.9679663126061173 -15.9 14.768312063931333
      vertex 0.9679663126061173 -15.9 14.768312063931333
    endloop
  endfacet
  facet normal 0.09801714032956067 0 -0.9951847266721968
    outer loop
      vertex -1.9317876448567635 -15.9 14.673383948332395
      vertex -1.9317876448567635 -10.1 14.673383948332395
      vertex -0.9679663126061173 -15.9 14.768312063931333
    endloop
  endfacet
  facet normal 0.03271908282177575 0 -0.9994645874763657
    outer loop
      vertex -0.9679663126061173 -15.9 14.768312063931333
      vertex -0.9679663126061173 -10.1 14.768312063931333
      vertex 0 -15.9 14.8
    endloop
  endfacet
  facet normal 0.22707626303437334 0 -0.9738769792773336
    outer loop
      vertex -3.830521867517307 -10.1 14.295702229078211
      vertex -2.887336765838698 -10.1 14.515622149967811
      vertex -2.887336765838698 -15.9 14.515622149967811
    endloop
  endfacet
  facet normal 0.16289547339458937 0 -0.986643332084879
    outer loop
      vertex -1.9317876448567635 -15.9 14.673383948332395
      vertex -2.887336765838698 -10.1 14.515622149967811
      vertex -1.9317876448567635 -10.1 14.673383948332395
    endloop
  endfacet
  facet normal 0.09801714032956067 0 -0.9951847266721968
    outer loop
      vertex -0.9679663126061173 -15.9 14.768312063931333
      vertex -1.9317876448567635 -10.1 14.673383948332395
      vertex -0.9679663126061173 -10.1 14.768312063931333
    endloop
  endfacet
  facet normal 0.03271908282177575 0 -0.9994645874763657
    outer loop
      vertex -0.9679663126061173 -10.1 14.768312063931333
      vertex 0 -10.1 14.8
      vertex 0 -15.9 14.8
    endloop
  endfacet
  facet normal 0 -1 0
    outer loop
      vertex -4.7573040864867915 -10.1 14.014565916527564
      vertex 4.7573040864867915 -10.1 14.014565916527564
      vertex -3.830521867517307 -10.1 14.295702229078211
    endloop
  endfacet
  facet normal 0 -1 0
    outer loop
      vertex -3.830521867517307 -10.1 14.295702229078211
      vertex 3.830521867517307 -10.1 14.295702229078211
      vertex -2.887336765838698 -10.1 14.515622149967811
    endloop
  endfacet
  facet normal 0 -1 0
    outer loop
      vertex -2.887336765838698 -10.1 14.515622149967811
      vertex 2.887336765838698 -10.1 14.515622149967811
      vertex -1.9317876448567635 -10.1 14.673383948332395
    endloop
  endfacet
  facet normal 0 -1 0
    outer loop
      vertex -1.9317876448567635 -10.1 14.673383948332395
      vertex 1.9317876448567635 -10.1 14.673383948332395
      vertex -0.9679663126061173 -10.1 14.768312063931333
    endloop
  endfacet
  facet normal 0 1 0
    outer loop
      vertex -7.4 -15.9 12.817175976009691
      vertex 7.4 -15.9 12.817175976009691
      vertex 0 -15.9 12.7
    endloop
  endfacet
  facet normal 0 1 0
    outer loop
      vertex -5.663714799003329 -15.9 13.673417081167045
      vertex 4.7573040864867915 -15.9 14.014565916527564
      vertex 5.663714799003329 -15.9 13.673417081167045
    endloop
  endfacet
  facet normal 0 1 0
    outer loop
      vertex -7.4 -15.9 12.817175976009691
      vertex 6.54587261524122 -15.9 13.273716574683787
      vertex 7.4 -15.9 12.817175976009691
    endloop
  endfacet
  facet normal 0 1 0
    outer loop
      vertex 0 -15.9 12.7
      vertex 7.4 -15.9 12.817175976009691
      vertex 0.8306197412228168 -15.9 12.672808325130264
    endloop
  endfacet
  facet normal 0 1 0
    outer loop
      vertex 0.8306197412228168 -15.9 12.672808325130264
      vertex 7.4 -15.9 12.817175976009691
      vertex 1.6576826411946548 -15.9 12.591349739447391
    endloop
  endfacet
  facet normal 0 1 0
    outer loop
      vertex -6.54587261524122 -15.9 13.273716574683787
      vertex 5.663714799003329 -15.9 13.673417081167045
      vertex 6.54587261524122 -15.9 13.273716574683787
    endloop
  endfacet
  facet normal 0 -1 0
    outer loop
      vertex -7.4 -10.1 12.817175976009691
      vertex 0 -10.1 12.7
      vertex 7.4 -10.1 12.817175976009691
    endloop
  endfacet
  facet normal 0 -1 0
    outer loop
      vertex -6.54587261524122 -10.1 13.273716574683787
      vertex 7.4 -10.1 12.817175976009691
      vertex 6.54587261524122 -10.1 13.273716574683787
    endloop
  endfacet
  facet normal 0 -1 0
    outer loop
      vertex 0 -10.1 12.7
      vertex 0.8306197412228168 -10.1 12.672808325130264
      vertex 7.4 -10.1 12.817175976009691
    endloop
  endfacet
  facet normal 0 -1 0
    outer loop
      vertex 0.8306197412228168 -10.1 12.672808325130264
      vertex 1.6576826411946548 -10.1 12.591349739447391
      vertex 7.4 -10.1 12.817175976009691
    endloop
  endfacet
  facet normal 0 -1 0
    outer loop
      vertex -5.663714799003329 -10.1 13.673417081167045
      vertex 6.54587261524122 -10.1 13.273716574683787
      vertex 5.663714799003329 -10.1 13.673417081167045
    endloop
  endfacet
  facet normal 0 -1 0
    outer loop
      vertex -4.7573040864867915 -10.1 14.014565916527564
      vertex 5.663714799003329 -10.1 13.673417081167045
      vertex 4.7573040864867915 -10.1 14.014565916527564
    endloop
  endfacet
  facet normal 0 1 0
    outer loop
      vertex 3.2870018728020134 -15.9 12.267257993871167
      vertex 8.222439448690112 -15.9 12.30575026207767
      vertex 4.0822812093501515 -15.9 12.026012644587842
    endloop
  endfacet
  facet normal 0 1 0
    outer loop
      vertex 5.617066365781316 -15.9 11.390283817465141
      vertex 9.009669149329065 -15.9 11.741629436310282
      vertex 6.35 -15.9 10.99852262806237
    endloop
  endfacet
  facet normal 0 1 0
    outer loop
      vertex 4.0822812093501515 -15.9 12.026012644587842
      vertex 8.222439448690112 -15.9 12.30575026207767
      vertex 4.86007959103664 -15.9 11.733270062893341
    endloop
  endfacet
  facet normal 0 1 0
    outer loop
      vertex 5.617066365781316 -15.9 11.390283817465141
      vertex 4.86007959103664 -15.9 11.733270062893341
      vertex 9.009669149329065 -15.9 11.741629436310282
    endloop
  endfacet
  facet normal 0 1 0
    outer loop
      vertex 1.6576826411946548 -15.9 12.591349739447391
      vertex 7.4 -15.9 12.817175976009691
      vertex 2.4776470896048286 -15.9 12.455973061121027
    endloop
  endfacet
  facet normal 0 1 0
    outer loop
      vertex 2.4776470896048286 -15.9 12.455973061121027
      vertex 7.4 -15.9 12.817175976009691
      vertex 3.2870018728020134 -15.9 12.267257993871167
    endloop
  endfacet
  facet normal -0.35225004792123266 0 -0.935905926757326
    outer loop
      vertex 4.7573040864867915 -15.9 14.014565916527564
      vertex 4.7573040864867915 -10.1 14.014565916527564
      vertex 5.663714799003329 -15.9 13.673417081167045
    endloop
  endfacet
  facet normal 0 1 0
    outer loop
      vertex 3.2870018728020134 -15.9 12.267257993871167
      vertex 7.4 -15.9 12.817175976009691
      vertex 8.222439448690112 -15.9 12.30575026207767
    endloop
  endfacet
  facet normal -0.4713967368259984 0 -0.8819212643483546
    outer loop
      vertex 6.54587261524122 -15.9 13.273716574683787
      vertex 6.54587261524122 -10.1 13.273716574683787
      vertex 7.4 -15.9 12.817175976009691
    endloop
  endfacet
  facet normal -0.4127070298043955 0 -0.9108638249211756
    outer loop
      vertex 5.663714799003329 -15.9 13.673417081167045
      vertex 5.663714799003329 -10.1 13.673417081167045
      vertex 6.54587261524122 -15.9 13.273716574683787
    endloop
  endfacet
  facet normal 0 -1 0
    outer loop
      vertex 2.4776470896048286 -10.1 12.455973061121027
      vertex 3.2870018728020134 -10.1 12.267257993871167
      vertex 8.222439448690112 -10.1 12.30575026207767
    endloop
  endfacet
  facet normal 0 -1 0
    outer loop
      vertex 3.2870018728020134 -10.1 12.267257993871167
      vertex 4.0822812093501515 -10.1 12.026012644587842
      vertex 8.222439448690112 -10.1 12.30575026207767
    endloop
  endfacet
  facet normal 0 -1 0
    outer loop
      vertex 4.0822812093501515 -10.1 12.026012644587842
      vertex 4.86007959103664 -10.1 11.733270062893341
      vertex 9.009669149329065 -10.1 11.741629436310282
    endloop
  endfacet
  facet normal 0 -1 0
    outer loop
      vertex 5.617066365781316 -10.1 11.390283817465141
      vertex 9.009669149329065 -10.1 11.741629436310282
      vertex 4.86007959103664 -10.1 11.733270062893341
    endloop
  endfacet
  facet normal 0 -1 0
    outer loop
      vertex 4.0822812093501515 -10.1 12.026012644587842
      vertex 9.009669149329065 -10.1 11.741629436310282
      vertex 8.222439448690112 -10.1 12.30575026207767
    endloop
  endfacet
  facet normal -0.35225004792123266 0 -0.935905926757326
    outer loop
      vertex 5.663714799003329 -15.9 13.673417081167045
      vertex 4.7573040864867915 -10.1 14.014565916527564
      vertex 5.663714799003329 -10.1 13.673417081167045
    endloop
  endfacet
  facet normal 0 -1 0
    outer loop
      vertex 1.6576826411946548 -10.1 12.591349739447391
      vertex 2.4776470896048286 -10.1 12.455973061121027
      vertex 8.222439448690112 -10.1 12.30575026207767
    endloop
  endfacet
  facet normal -0.4713967368259984 0 -0.8819212643483546
    outer loop
      vertex 6.54587261524122 -10.1 13.273716574683787
      vertex 7.4 -10.1 12.817175976009691
      vertex 7.4 -15.9 12.817175976009691
    endloop
  endfacet
  facet normal -0.4127070298043955 0 -0.9108638249211756
    outer loop
      vertex 6.54587261524122 -15.9 13.273716574683787
      vertex 5.663714799003329 -10.1 13.673417081167045
      vertex 6.54587261524122 -10.1 13.273716574683787
    endloop
  endfacet
  facet normal 0 -1 0
    outer loop
      vertex 1.6576826411946548 -10.1 12.591349739447391
      vertex 8.222439448690112 -10.1 12.30575026207767
      vertex 7.4 -10.1 12.817175976009691
    endloop
  endfacet
  facet normal 0 1 0
    outer loop
      vertex 10.075587421698685 -15.9 7.7312701484107516
      vertex 9.548365554983013 -15.9 8.373691851770873
      vertex 11.741629436310282 -15.9 9.009669149329065
    endloop
  endfacet
  facet normal 0 1 0
    outer loop
      vertex 8.980256121069154 -15.9 8.980256121069154
      vertex 11.741629436310282 -15.9 9.009669149329065
      vertex 9.548365554983013 -15.9 8.373691851770873
    endloop
  endfacet
  facet normal 0 1 0
    outer loop
      vertex 7.7312701484107516 -15.9 10.075587421698685
      vertex 10.465180361560904 -15.9 10.465180361560904
      vertex 8.373691851770873 -15.9 9.548365554983013
    endloop
  endfacet
  facet normal 0 1 0
    outer loop
      vertex 7.055741959348947 -15.9 10.559664076242324
      vertex 9.758318063481019 -15.9 11.127229150688866
      vertex 7.7312701484107516 -15.9 10.075587421698685
    endloop
  endfacet
  facet normal 0 1 0
    outer loop
      vertex 8.980256121069154 -15.9 8.980256121069154
      vertex 8.373691851770873 -15.9 9.548365554983013
      vertex 11.127229150688866 -15.9 9.758318063481019
    endloop
  endfacet
  facet normal 0 1 0
    outer loop
      vertex 8.980256121069154 -15.9 8.980256121069154
      vertex 11.127229150688866 -15.9 9.758318063481019
      vertex 11.741629436310282 -15.9 9.009669149329065
    endloop
  endfacet
  facet normal 0 1 0
    outer loop
      vertex 8.373691851770873 -15.9 9.548365554983013
      vertex 10.465180361560904 -15.9 10.465180361560904
      vertex 11.127229150688866 -15.9 9.758318063481019
    endloop
  endfacet
  facet normal 0 1 0
    outer loop
      vertex 7.7312701484107516 -15.9 10.075587421698685
      vertex 9.758318063481019 -15.9 11.127229150688866
      vertex 10.465180361560904 -15.9 10.465180361560904
    endloop
  endfacet
  facet normal 0 -1 0
    outer loop
      vertex 10.075587421698685 -10.1 7.7312701484107516
      vertex 12.30575026207767 -10.1 8.222439448690112
      vertex 9.548365554983013 -10.1 8.373691851770873
    endloop
  endfacet
  facet normal 0 -1 0
    outer loop
      vertex 8.980256121069154 -10.1 8.980256121069154
      vertex 9.548365554983013 -10.1 8.373691851770873
      vertex 11.741629436310282 -10.1 9.009669149329065
    endloop
  endfacet
  facet normal 0 -1 0
    outer loop
      vertex 6.35 -10.1 10.99852262806237
      vertex 7.055741959348947 -10.1 10.559664076242324
      vertex 10.465180361560904 -10.1 10.465180361560904
    endloop
  endfacet
  facet normal 0 -1 0
    outer loop
      vertex 7.055741959348947 -10.1 10.559664076242324
      vertex 7.7312701484107516 -10.1 10.075587421698685
      vertex 10.465180361560904 -10.1 10.465180361560904
    endloop
  endfacet
  facet normal -0.7298640726978365 0 -0.6835923020228704
    outer loop
      vertex 10.465180361560904 -15.9 10.465180361560904
      vertex 10.465180361560904 -10.1 10.465180361560904
      vertex 11.127229150688866 -10.1 9.758318063481019
    endloop
  endfacet
  facet normal -0.6835923020228704 0 -0.7298640726978365
    outer loop
      vertex 10.465180361560904 -15.9 10.465180361560904
      vertex 9.758318063481019 -10.1 11.127229150688866
      vertex 10.465180361560904 -10.1 10.465180361560904
    endloop
  endfacet
  facet normal 0 -1 0
    outer loop
      vertex 8.980256121069154 -10.1 8.980256121069154
      vertex 11.741629436310282 -10.1 9.009669149329065
      vertex 8.373691851770873 -10.1 9.548365554983013
    endloop
  endfacet
  facet normal 0 -1 0
    outer loop
      vertex 7.7312701484107516 -10.1 10.075587421698685
      vertex 8.373691851770873 -10.1 9.548365554983013
      vertex 11.127229150688866 -10.1 9.758318063481019
    endloop
  endfacet
  facet normal 0 -1 0
    outer loop
      vertex 8.373691851770873 -10.1 9.548365554983013
      vertex 11.741629436310282 -10.1 9.009669149329065
      vertex 11.127229150688866 -10.1 9.758318063481019
    endloop
  endfacet
  facet normal 0 -1 0
    outer loop
      vertex 7.7312701484107516 -10.1 10.075587421698685
      vertex 11.127229150688866 -10.1 9.758318063481019
      vertex 10.465180361560904 -10.1 10.465180361560904
    endloop
  endfacet
  facet normal 0 1 0
    outer loop
      vertex 10.075587421698685 -15.9 7.7312701484107516
      vertex 12.754991980002865 -15.9 7.5
      vertex 10.241313266380269 -15.9 7.5
    endloop
  endfacet
  facet normal 0 1 0
    outer loop
      vertex 10.075587421698685 -15.9 7.7312701484107516
      vertex 12.30575026207767 -15.9 8.222439448690112
      vertex 12.754991980002865 -15.9 7.5
    endloop
  endfacet
  facet normal 0 1 0
    outer loop
      vertex 10.075587421698685 -15.9 7.7312701484107516
      vertex 11.741629436310282 -15.9 9.009669149329065
      vertex 12.30575026207767 -15.9 8.222439448690112
    endloop
  endfacet
  facet normal -0.812846684591616 0 -0.582477696867801
    outer loop
      vertex 11.741629436310282 -15.9 9.009669149329065
      vertex 12.30575026207767 -10.1 8.222439448690112
      vertex 12.30575026207767 -15.9 8.222439448690112
    endloop
  endfacet
  facet normal -0.8492021815265791 0 -0.5280678506503677
    outer loop
      vertex 12.30575026207767 -15.9 8.222439448690112
      vertex 12.754991980002865 -10.1 7.5
      vertex 12.754991980002865 -15.9 7.5
    endloop
  endfacet
  facet normal -0.7730104533627361 0 -0.6343932841636464
    outer loop
      vertex 11.741629436310282 -15.9 9.009669149329065
      vertex 11.127229150688866 -15.9 9.758318063481019
      vertex 11.741629436310282 -10.1 9.009669149329065
    endloop
  endfacet
  facet normal -0.7298640726978365 0 -0.6835923020228704
    outer loop
      vertex 10.465180361560904 -15.9 10.465180361560904
      vertex 11.127229150688866 -10.1 9.758318063481019
      vertex 11.127229150688866 -15.9 9.758318063481019
    endloop
  endfacet
  facet normal -0.8492021815265791 0 -0.5280678506503677
    outer loop
      vertex 12.30575026207767 -15.9 8.222439448690112
      vertex 12.30575026207767 -10.1 8.222439448690112
      vertex 12.754991980002865 -10.1 7.5
    endloop
  endfacet
  facet normal -0.812846684591616 0 -0.582477696867801
    outer loop
      vertex 11.741629436310282 -15.9 9.009669149329065
      vertex 11.741629436310282 -10.1 9.009669149329065
      vertex 12.30575026207767 -10.1 8.222439448690112
    endloop
  endfacet
  facet normal 0 -1 0
    outer loop
      vertex 10.075587421698685 -10.1 7.7312701484107516
      vertex 10.241313266380269 -10.1 7.5
      vertex 12.30575026207767 -10.1 8.222439448690112
    endloop
  endfacet
  facet normal 0 -1 0
    outer loop
      vertex 12.30575026207767 -10.1 8.222439448690112
      vertex 10.241313266380269 -10.1 7.5
      vertex 12.754991980002865 -10.1 7.5
    endloop
  endfacet
  facet normal 0 -1 0
    outer loop
      vertex 9.548365554983013 -10.1 8.373691851770873
      vertex 12.30575026207767 -10.1 8.222439448690112
      vertex 11.741629436310282 -10.1 9.009669149329065
    endloop
  endfacet
  facet normal -0.7730104533627361 0 -0.6343932841636464
    outer loop
      vertex 11.127229150688866 -15.9 9.758318063481019
      vertex 11.127229150688866 -10.1 9.758318063481019
      vertex 11.741629436310282 -10.1 9.009669149329065
    endloop
  endfacet
  facet normal 0 1 0
    outer loop
      vertex 6.35 -15.9 10.99852262806237
      vertex 9.758318063481019 -15.9 11.127229150688866
      vertex 7.055741959348947 -15.9 10.559664076242324
    endloop
  endfacet
  facet normal 0 1 0
    outer loop
      vertex 6.35 -15.9 10.99852262806237
      vertex 9.009669149329065 -15.9 11.741629436310282
      vertex 9.758318063481019 -15.9 11.127229150688866
    endloop
  endfacet
  facet normal 0 1 0
    outer loop
      vertex 4.86007959103664 -15.9 11.733270062893341
      vertex 8.222439448690112 -15.9 12.30575026207767
      vertex 9.009669149329065 -15.9 11.741629436310282
    endloop
  endfacet
  facet normal -0.582477696867801 0 -0.812846684591616
    outer loop
      vertex 8.222439448690112 -15.9 12.30575026207767
      vertex 8.222439448690112 -10.1 12.30575026207767
      vertex 9.009669149329065 -15.9 11.741629436310282
    endloop
  endfacet
  facet normal -0.6343932841636464 0 -0.7730104533627361
    outer loop
      vertex 9.758318063481019 -15.9 11.127229150688866
      vertex 9.009669149329065 -15.9 11.741629436310282
      vertex 9.009669149329065 -10.1 11.741629436310282
    endloop
  endfacet
  facet normal -0.6835923020228704 0 -0.7298640726978365
    outer loop
      vertex 9.758318063481019 -15.9 11.127229150688866
      vertex 9.758318063481019 -10.1 11.127229150688866
      vertex 10.465180361560904 -15.9 10.465180361560904
    endloop
  endfacet
  facet normal -0.5280678506503681 0 -0.8492021815265788
    outer loop
      vertex 8.222439448690112 -15.9 12.30575026207767
      vertex 7.4 -15.9 12.817175976009691
      vertex 7.4 -10.1 12.817175976009691
    endloop
  endfacet
  facet normal -0.582477696867801 0 -0.812846684591616
    outer loop
      vertex 9.009669149329065 -15.9 11.741629436310282
      vertex 8.222439448690112 -10.1 12.30575026207767
      vertex 9.009669149329065 -10.1 11.741629436310282
    endloop
  endfacet
  facet normal 0 -1 0
    outer loop
      vertex 5.617066365781316 -10.1 11.390283817465141
      vertex 6.35 -10.1 10.99852262806237
      vertex 9.758318063481019 -10.1 11.127229150688866
    endloop
  endfacet
  facet normal 0 -1 0
    outer loop
      vertex 6.35 -10.1 10.99852262806237
      vertex 10.465180361560904 -10.1 10.465180361560904
      vertex 9.758318063481019 -10.1 11.127229150688866
    endloop
  endfacet
  facet normal 0 -1 0
    outer loop
      vertex 5.617066365781316 -10.1 11.390283817465141
      vertex 9.758318063481019 -10.1 11.127229150688866
      vertex 9.009669149329065 -10.1 11.741629436310282
    endloop
  endfacet
  facet normal -0.6343932841636464 0 -0.7730104533627361
    outer loop
      vertex 9.758318063481019 -15.9 11.127229150688866
      vertex 9.009669149329065 -10.1 11.741629436310282
      vertex 9.758318063481019 -10.1 11.127229150688866
    endloop
  endfacet
  facet normal -0.5280678506503681 0 -0.8492021815265788
    outer loop
      vertex 8.222439448690112 -15.9 12.30575026207767
      vertex 7.4 -10.1 12.817175976009691
      vertex 8.222439448690112 -10.1 12.30575026207767
    endloop
  endfacet
  facet normal 0 1 0
    outer loop
      vertex -0.9679663126061173 -15.9 14.768312063931333
      vertex 0 -15.9 14.8
      vertex 0.9679663126061173 -15.9 14.768312063931333
    endloop
  endfacet
  facet normal 0 1 0
    outer loop
      vertex -1.9317876448567635 -15.9 14.673383948332395
      vertex 0.9679663126061173 -15.9 14.768312063931333
      vertex 1.9317876448567635 -15.9 14.673383948332395
    endloop
  endfacet
  facet normal 0 1 0
    outer loop
      vertex -2.887336765838698 -15.9 14.515622149967811
      vertex 1.9317876448567635 -15.9 14.673383948332395
      vertex 2.887336765838698 -15.9 14.515622149967811
    endloop
  endfacet
  facet normal 0 1 0
    outer loop
      vertex -4.7573040864867915 -15.9 14.014565916527564
      vertex 3.830521867517307 -15.9 14.295702229078211
      vertex 4.7573040864867915 -15.9 14.014565916527564
    endloop
  endfacet
  facet normal 0 1 0
    outer loop
      vertex -3.830521867517307 -15.9 14.295702229078211
      vertex 2.887336765838698 -15.9 14.515622149967811
      vertex 3.830521867517307 -15.9 14.295702229078211
    endloop
  endfacet
  facet normal -0.03271908282177575 0 -0.9994645874763657
    outer loop
      vertex 0 -15.9 14.8
      vertex 0 -10.1 14.8
      vertex 0.9679663126061173 -15.9 14.768312063931333
    endloop
  endfacet
  facet normal -0.09801714032956067 0 -0.9951847266721968
    outer loop
      vertex 0.9679663126061173 -15.9 14.768312063931333
      vertex 0.9679663126061173 -10.1 14.768312063931333
      vertex 1.9317876448567635 -15.9 14.673383948332395
    endloop
  endfacet
  facet normal -0.16289547339458937 0 -0.986643332084879
    outer loop
      vertex 1.9317876448567635 -15.9 14.673383948332395
      vertex 1.9317876448567635 -10.1 14.673383948332395
      vertex 2.887336765838698 -15.9 14.515622149967811
    endloop
  endfacet
  facet normal -0.22707626303437334 0 -0.9738769792773336
    outer loop
      vertex 2.887336765838698 -15.9 14.515622149967811
      vertex 2.887336765838698 -10.1 14.515622149967811
      vertex 3.830521867517307 -15.9 14.295702229078211
    endloop
  endfacet
  facet normal -0.03271908282177575 0 -0.9994645874763657
    outer loop
      vertex 0.9679663126061173 -15.9 14.768312063931333
      vertex 0 -10.1 14.8
      vertex 0.9679663126061173 -10.1 14.768312063931333
    endloop
  endfacet
  facet normal -0.09801714032956067 0 -0.9951847266721968
    outer loop
      vertex 1.9317876448567635 -15.9 14.673383948332395
      vertex 0.9679663126061173 -10.1 14.768312063931333
      vertex 1.9317876448567635 -10.1 14.673383948332395
    endloop
  endfacet
  facet normal 0 -1 0
    outer loop
      vertex -0.9679663126061173 -10.1 14.768312063931333
      vertex 0.9679663126061173 -10.1 14.768312063931333
      vertex 0 -10.1 14.8
    endloop
  endfacet
  facet normal 0 -1 0
    outer loop
      vertex -0.9679663126061173 -10.1 14.768312063931333
      vertex 1.9317876448567635 -10.1 14.673383948332395
      vertex 0.9679663126061173 -10.1 14.768312063931333
    endloop
  endfacet
  facet normal 0 -1 0
    outer loop
      vertex -3.830521867517307 -10.1 14.295702229078211
      vertex 4.7573040864867915 -10.1 14.014565916527564
      vertex 3.830521867517307 -10.1 14.295702229078211
    endloop
  endfacet
  facet normal 0 -1 0
    outer loop
      vertex -2.887336765838698 -10.1 14.515622149967811
      vertex 3.830521867517307 -10.1 14.295702229078211
      vertex 2.887336765838698 -10.1 14.515622149967811
    endloop
  endfacet
  facet normal 0 -1 0
    outer loop
      vertex -1.9317876448567635 -10.1 14.673383948332395
      vertex 2.887336765838698 -10.1 14.515622149967811
      vertex 1.9317876448567635 -10.1 14.673383948332395
    endloop
  endfacet
  facet normal -0.16289547339458937 0 -0.986643332084879
    outer loop
      vertex 2.887336765838698 -15.9 14.515622149967811
      vertex 1.9317876448567635 -10.1 14.673383948332395
      vertex 2.887336765838698 -10.1 14.515622149967811
    endloop
  endfacet
  facet normal -0.22707626303437334 0 -0.9738769792773336
    outer loop
      vertex 2.887336765838698 -10.1 14.515622149967811
      vertex 3.830521867517307 -10.1 14.295702229078211
      vertex 3.830521867517307 -15.9 14.295702229078211
    endloop
  endfacet
  facet normal -0.29028467725446216 0 -0.9569403357322089
    outer loop
      vertex 3.830521867517307 -15.9 14.295702229078211
      vertex 3.830521867517307 -10.1 14.295702229078211
      vertex 4.7573040864867915 -15.9 14.014565916527564
    endloop
  endfacet
  facet normal -0.29028467725446216 0 -0.9569403357322089
    outer loop
      vertex 4.7573040864867915 -15.9 14.014565916527564
      vertex 3.830521867517307 -10.1 14.295702229078211
      vertex 4.7573040864867915 -10.1 14.014565916527564
    endloop
  endfacet
  facet normal 0 1 0
    outer loop
      vertex -12.30575026207767 10.1 8.222439448690112
      vertex -10.241313266380269 10.1 7.5
      vertex -12.754991980002865 10.1 7.5
    endloop
  endfacet
  facet normal 0 1 0
    outer loop
      vertex -12.30575026207767 10.1 8.222439448690112
      vertex -10.075587421698685 10.1 7.7312701484107516
      vertex -10.241313266380269 10.1 7.5
    endloop
  endfacet
  facet normal 0 1 0
    outer loop
      vertex -12.30575026207767 10.1 8.222439448690112
      vertex -11.741629436310282 10.1 9.009669149329065
      vertex -9.548365554983013 10.1 8.373691851770873
    endloop
  endfacet
  facet normal 0.8492021815265791 0 -0.5280678506503677
    outer loop
      vertex -12.30575026207767 10.1 8.222439448690112
      vertex -12.754991980002865 10.1 7.5
      vertex -12.30575026207767 15.9 8.222439448690112
    endloop
  endfacet
  facet normal 0.812846684591616 0 -0.582477696867801
    outer loop
      vertex -12.30575026207767 10.1 8.222439448690112
      vertex -11.741629436310282 15.9 9.009669149329065
      vertex -11.741629436310282 10.1 9.009669149329065
    endloop
  endfacet
  facet normal 0.7730104533627361 0 -0.6343932841636464
    outer loop
      vertex -11.741629436310282 10.1 9.009669149329065
      vertex -11.127229150688866 15.9 9.758318063481019
      vertex -11.127229150688866 10.1 9.758318063481019
    endloop
  endfacet
  facet normal 0.8492021815265791 0 -0.5280678506503677
    outer loop
      vertex -12.30575026207767 15.9 8.222439448690112
      vertex -12.754991980002865 10.1 7.5
      vertex -12.754991980002865 15.9 7.5
    endloop
  endfacet
  facet normal 0.812846684591616 0 -0.582477696867801
    outer loop
      vertex -12.30575026207767 10.1 8.222439448690112
      vertex -12.30575026207767 15.9 8.222439448690112
      vertex -11.741629436310282 15.9 9.009669149329065
    endloop
  endfacet
  facet normal 0 -1 0
    outer loop
      vertex -12.30575026207767 15.9 8.222439448690112
      vertex -12.754991980002865 15.9 7.5
      vertex -10.075587421698685 15.9 7.7312701484107516
    endloop
  endfacet
  facet normal 0 -1 0
    outer loop
      vertex -10.075587421698685 15.9 7.7312701484107516
      vertex -12.754991980002865 15.9 7.5
      vertex -10.241313266380269 15.9 7.5
    endloop
  endfacet
  facet normal 0 -1 0
    outer loop
      vertex -12.30575026207767 15.9 8.222439448690112
      vertex -10.075587421698685 15.9 7.7312701484107516
      vertex -11.741629436310282 15.9 9.009669149329065
    endloop
  endfacet
  facet normal 0.7730104533627361 0 -0.6343932841636464
    outer loop
      vertex -11.741629436310282 10.1 9.009669149329065
      vertex -11.741629436310282 15.9 9.009669149329065
      vertex -11.127229150688866 15.9 9.758318063481019
    endloop
  endfacet
  facet normal 0.7298640726978365 0 -0.6835923020228704
    outer loop
      vertex -11.127229150688866 10.1 9.758318063481019
      vertex -11.127229150688866 15.9 9.758318063481019
      vertex -10.465180361560904 15.9 10.465180361560904
    endloop
  endfacet
  facet normal 0 1 0
    outer loop
      vertex -12.30575026207767 10.1 8.222439448690112
      vertex -9.548365554983013 10.1 8.373691851770873
      vertex -10.075587421698685 10.1 7.7312701484107516
    endloop
  endfacet
  facet normal 0 1 0
    outer loop
      vertex -11.741629436310282 10.1 9.009669149329065
      vertex -8.980256121069154 10.1 8.980256121069154
      vertex -9.548365554983013 10.1 8.373691851770873
    endloop
  endfacet
  facet normal 0 1 0
    outer loop
      vertex -11.741629436310282 10.1 9.009669149329065
      vertex -11.127229150688866 10.1 9.758318063481019
      vertex -8.373691851770873 10.1 9.548365554983013
    endloop
  endfacet
  facet normal 0 1 0
    outer loop
      vertex -11.741629436310282 10.1 9.009669149329065
      vertex -8.373691851770873 10.1 9.548365554983013
      vertex -8.980256121069154 10.1 8.980256121069154
    endloop
  endfacet
  facet normal 0 1 0
    outer loop
      vertex -11.127229150688866 10.1 9.758318063481019
      vertex -7.7312701484107516 10.1 10.075587421698685
      vertex -8.373691851770873 10.1 9.548365554983013
    endloop
  endfacet
  facet normal 0 1 0
    outer loop
      vertex -11.127229150688866 10.1 9.758318063481019
      vertex -10.465180361560904 10.1 10.465180361560904
      vertex -7.7312701484107516 10.1 10.075587421698685
    endloop
  endfacet
  facet normal 0.7298640726978365 0 -0.6835923020228704
    outer loop
      vertex -11.127229150688866 10.1 9.758318063481019
      vertex -10.465180361560904 15.9 10.465180361560904
      vertex -10.465180361560904 10.1 10.465180361560904
    endloop
  endfacet
  facet normal 0.6835923020228704 0 -0.7298640726978365
    outer loop
      vertex -10.465180361560904 10.1 10.465180361560904
      vertex -10.465180361560904 15.9 10.465180361560904
      vertex -9.758318063481019 10.1 11.127229150688866
    endloop
  endfacet
  facet normal 0 1 0
    outer loop
      vertex -10.465180361560904 10.1 10.465180361560904
      vertex -7.055741959348947 10.1 10.559664076242324
      vertex -7.7312701484107516 10.1 10.075587421698685
    endloop
  endfacet
  facet normal 0 1 0
    outer loop
      vertex -10.465180361560904 10.1 10.465180361560904
      vertex -6.35 10.1 10.99852262806237
      vertex -7.055741959348947 10.1 10.559664076242324
    endloop
  endfacet
  facet normal 0 -1 0
    outer loop
      vertex -11.741629436310282 15.9 9.009669149329065
      vertex -10.075587421698685 15.9 7.7312701484107516
      vertex -9.548365554983013 15.9 8.373691851770873
    endloop
  endfacet
  facet normal 0 -1 0
    outer loop
      vertex -11.741629436310282 15.9 9.009669149329065
      vertex -9.548365554983013 15.9 8.373691851770873
      vertex -8.980256121069154 15.9 8.980256121069154
    endloop
  endfacet
  facet normal 0 -1 0
    outer loop
      vertex -11.741629436310282 15.9 9.009669149329065
      vertex -8.980256121069154 15.9 8.980256121069154
      vertex -11.127229150688866 15.9 9.758318063481019
    endloop
  endfacet
  facet normal 0 -1 0
    outer loop
      vertex -11.127229150688866 15.9 9.758318063481019
      vertex -8.373691851770873 15.9 9.548365554983013
      vertex -10.465180361560904 15.9 10.465180361560904
    endloop
  endfacet
  facet normal 0 -1 0
    outer loop
      vertex -11.127229150688866 15.9 9.758318063481019
      vertex -8.980256121069154 15.9 8.980256121069154
      vertex -8.373691851770873 15.9 9.548365554983013
    endloop
  endfacet
  facet normal 0 -1 0
    outer loop
      vertex -10.465180361560904 15.9 10.465180361560904
      vertex -7.7312701484107516 15.9 10.075587421698685
      vertex -9.758318063481019 15.9 11.127229150688866
    endloop
  endfacet
  facet normal 0 -1 0
    outer loop
      vertex -10.465180361560904 15.9 10.465180361560904
      vertex -8.373691851770873 15.9 9.548365554983013
      vertex -7.7312701484107516 15.9 10.075587421698685
    endloop
  endfacet
  facet normal 0 -1 0
    outer loop
      vertex -9.758318063481019 15.9 11.127229150688866
      vertex -7.7312701484107516 15.9 10.075587421698685
      vertex -7.055741959348947 15.9 10.559664076242324
    endloop
  endfacet
  facet normal 0.6343932841636464 0 -0.7730104533627361
    outer loop
      vertex -9.758318063481019 10.1 11.127229150688866
      vertex -9.758318063481019 15.9 11.127229150688866
      vertex -9.009669149329065 10.1 11.741629436310282
    endloop
  endfacet
  facet normal 0 1 0
    outer loop
      vertex -10.465180361560904 10.1 10.465180361560904
      vertex -9.758318063481019 10.1 11.127229150688866
      vertex -6.35 10.1 10.99852262806237
    endloop
  endfacet
  facet normal 0 1 0
    outer loop
      vertex -9.758318063481019 10.1 11.127229150688866
      vertex -9.009669149329065 10.1 11.741629436310282
      vertex -5.617066365781316 10.1 11.390283817465141
    endloop
  endfacet
  facet normal 0 1 0
    outer loop
      vertex -9.758318063481019 10.1 11.127229150688866
      vertex -5.617066365781316 10.1 11.390283817465141
      vertex -6.35 10.1 10.99852262806237
    endloop
  endfacet
  facet normal 0.582477696867801 0 -0.812846684591616
    outer loop
      vertex -9.009669149329065 10.1 11.741629436310282
      vertex -9.009669149329065 15.9 11.741629436310282
      vertex -8.222439448690112 10.1 12.30575026207767
    endloop
  endfacet
  facet normal 0.5280678506503681 0 -0.8492021815265788
    outer loop
      vertex -8.222439448690112 10.1 12.30575026207767
      vertex -8.222439448690112 15.9 12.30575026207767
      vertex -7.4 10.1 12.817175976009691
    endloop
  endfacet
  facet normal 0.6835923020228704 0 -0.7298640726978365
    outer loop
      vertex -9.758318063481019 10.1 11.127229150688866
      vertex -10.465180361560904 15.9 10.465180361560904
      vertex -9.758318063481019 15.9 11.127229150688866
    endloop
  endfacet
  facet normal 0.6343932841636464 0 -0.7730104533627361
    outer loop
      vertex -9.758318063481019 15.9 11.127229150688866
      vertex -9.009669149329065 15.9 11.741629436310282
      vertex -9.009669149329065 10.1 11.741629436310282
    endloop
  endfacet
  facet normal 0.582477696867801 0 -0.812846684591616
    outer loop
      vertex -8.222439448690112 10.1 12.30575026207767
      vertex -9.009669149329065 15.9 11.741629436310282
      vertex -8.222439448690112 15.9 12.30575026207767
    endloop
  endfacet
  facet normal 0 -1 0
    outer loop
      vertex -9.758318063481019 15.9 11.127229150688866
      vertex -6.35 15.9 10.99852262806237
      vertex -9.009669149329065 15.9 11.741629436310282
    endloop
  endfacet
  facet normal 0 -1 0
    outer loop
      vertex -9.758318063481019 15.9 11.127229150688866
      vertex -7.055741959348947 15.9 10.559664076242324
      vertex -6.35 15.9 10.99852262806237
    endloop
  endfacet
  facet normal 0 -1 0
    outer loop
      vertex -9.009669149329065 15.9 11.741629436310282
      vertex -4.86007959103664 15.9 11.733270062893341
      vertex -8.222439448690112 15.9 12.30575026207767
    endloop
  endfacet
  facet normal 0.5280678506503681 0 -0.8492021815265788
    outer loop
      vertex -8.222439448690112 15.9 12.30575026207767
      vertex -7.4 15.9 12.817175976009691
      vertex -7.4 10.1 12.817175976009691
    endloop
  endfacet
  facet normal 0 1 0
    outer loop
      vertex -9.009669149329065 10.1 11.741629436310282
      vertex -4.86007959103664 10.1 11.733270062893341
      vertex -5.617066365781316 10.1 11.390283817465141
    endloop
  endfacet
  facet normal 0 1 0
    outer loop
      vertex -9.009669149329065 10.1 11.741629436310282
      vertex -8.222439448690112 10.1 12.30575026207767
      vertex -4.0822812093501515 10.1 12.026012644587842
    endloop
  endfacet
  facet normal 0 1 0
    outer loop
      vertex -9.009669149329065 10.1 11.741629436310282
      vertex -4.0822812093501515 10.1 12.026012644587842
      vertex -4.86007959103664 10.1 11.733270062893341
    endloop
  endfacet
  facet normal 0 1 0
    outer loop
      vertex -8.222439448690112 10.1 12.30575026207767
      vertex -3.2870018728020134 10.1 12.267257993871167
      vertex -4.0822812093501515 10.1 12.026012644587842
    endloop
  endfacet
  facet normal 0 1 0
    outer loop
      vertex -8.222439448690112 10.1 12.30575026207767
      vertex -2.4776470896048286 10.1 12.455973061121027
      vertex -3.2870018728020134 10.1 12.267257993871167
    endloop
  endfacet
  facet normal 0 1 0
    outer loop
      vertex -8.222439448690112 10.1 12.30575026207767
      vertex -7.4 10.1 12.817175976009691
      vertex -1.6576826411946548 10.1 12.591349739447391
    endloop
  endfacet
  facet normal 0.4713967368259984 0 -0.8819212643483546
    outer loop
      vertex -7.4 10.1 12.817175976009691
      vertex -7.4 15.9 12.817175976009691
      vertex -6.54587261524122 10.1 13.273716574683787
    endloop
  endfacet
  facet normal 0.4127070298043955 0 -0.9108638249211756
    outer loop
      vertex -6.54587261524122 10.1 13.273716574683787
      vertex -6.54587261524122 15.9 13.273716574683787
      vertex -5.663714799003329 10.1 13.673417081167045
    endloop
  endfacet
  facet normal 0 1 0
    outer loop
      vertex -8.222439448690112 10.1 12.30575026207767
      vertex -1.6576826411946548 10.1 12.591349739447391
      vertex -2.4776470896048286 10.1 12.455973061121027
    endloop
  endfacet
  facet normal 0.35225004792123266 0 -0.935905926757326
    outer loop
      vertex -5.663714799003329 10.1 13.673417081167045
      vertex -5.663714799003329 15.9 13.673417081167045
      vertex -4.7573040864867915 10.1 14.014565916527564
    endloop
  endfacet
  facet normal 0 -1 0
    outer loop
      vertex -9.009669149329065 15.9 11.741629436310282
      vertex -6.35 15.9 10.99852262806237
      vertex -5.617066365781316 15.9 11.390283817465141
    endloop
  endfacet
  facet normal 0 -1 0
    outer loop
      vertex -9.009669149329065 15.9 11.741629436310282
      vertex -5.617066365781316 15.9 11.390283817465141
      vertex -4.86007959103664 15.9 11.733270062893341
    endloop
  endfacet
  facet normal 0 -1 0
    outer loop
      vertex -8.222439448690112 15.9 12.30575026207767
      vertex -4.86007959103664 15.9 11.733270062893341
      vertex -4.0822812093501515 15.9 12.026012644587842
    endloop
  endfacet
  facet normal 0 -1 0
    outer loop
      vertex -8.222439448690112 15.9 12.30575026207767
      vertex -4.0822812093501515 15.9 12.026012644587842
      vertex -3.2870018728020134 15.9 12.267257993871167
    endloop
  endfacet
  facet normal 0.4713967368259984 0 -0.8819212643483546
    outer loop
      vertex -6.54587261524122 10.1 13.273716574683787
      vertex -7.4 15.9 12.817175976009691
      vertex -6.54587261524122 15.9 13.273716574683787
    endloop
  endfacet
  facet normal 0.4127070298043955 0 -0.9108638249211756
    outer loop
      vertex -5.663714799003329 10.1 13.673417081167045
      vertex -6.54587261524122 15.9 13.273716574683787
      vertex -5.663714799003329 15.9 13.673417081167045
    endloop
  endfacet
  facet normal 0 -1 0
    outer loop
      vertex -8.222439448690112 15.9 12.30575026207767
      vertex -3.2870018728020134 15.9 12.267257993871167
      vertex -7.4 15.9 12.817175976009691
    endloop
  endfacet
  facet normal 0.35225004792123266 0 -0.935905926757326
    outer loop
      vertex -4.7573040864867915 10.1 14.014565916527564
      vertex -5.663714799003329 15.9 13.673417081167045
      vertex -4.7573040864867915 15.9 14.014565916527564
    endloop
  endfacet
  facet normal 0 -1 0
    outer loop
      vertex -7.4 15.9 12.817175976009691
      vertex -3.2870018728020134 15.9 12.267257993871167
      vertex -2.4776470896048286 15.9 12.455973061121027
    endloop
  endfacet
  facet normal 0 -1 0
    outer loop
      vertex -7.4 15.9 12.817175976009691
      vertex -2.4776470896048286 15.9 12.455973061121027
      vertex -1.6576826411946548 15.9 12.591349739447391
    endloop
  endfacet
  facet normal 0 1 0
    outer loop
      vertex -7.4 10.1 12.817175976009691
      vertex -0.8306197412228168 10.1 12.672808325130264
      vertex -1.6576826411946548 10.1 12.591349739447391
    endloop
  endfacet
  facet normal 0 1 0
    outer loop
      vertex -7.4 10.1 12.817175976009691
      vertex 0 10.1 12.7
      vertex -0.8306197412228168 10.1 12.672808325130264
    endloop
  endfacet
  facet normal 0 1 0
    outer loop
      vertex -7.4 10.1 12.817175976009691
      vertex -6.54587261524122 10.1 13.273716574683787
      vertex 6.54587261524122 10.1 13.273716574683787
    endloop
  endfacet
  facet normal 0 1 0
    outer loop
      vertex -6.54587261524122 10.1 13.273716574683787
      vertex -5.663714799003329 10.1 13.673417081167045
      vertex 5.663714799003329 10.1 13.673417081167045
    endloop
  endfacet
  facet normal 0 1 0
    outer loop
      vertex -5.663714799003329 10.1 13.673417081167045
      vertex -4.7573040864867915 10.1 14.014565916527564
      vertex 4.7573040864867915 10.1 14.014565916527564
    endloop
  endfacet
  facet normal 0 -1 0
    outer loop
      vertex -7.4 15.9 12.817175976009691
      vertex -1.6576826411946548 15.9 12.591349739447391
      vertex -0.8306197412228168 15.9 12.672808325130264
    endloop
  endfacet
  facet normal 0 -1 0
    outer loop
      vertex -7.4 15.9 12.817175976009691
      vertex -0.8306197412228168 15.9 12.672808325130264
      vertex 0 15.9 12.7
    endloop
  endfacet
  facet normal 0 -1 0
    outer loop
      vertex -7.4 15.9 12.817175976009691
      vertex 7.4 15.9 12.817175976009691
      vertex -6.54587261524122 15.9 13.273716574683787
    endloop
  endfacet
  facet normal 0 -1 0
    outer loop
      vertex -6.54587261524122 15.9 13.273716574683787
      vertex 6.54587261524122 15.9 13.273716574683787
      vertex -5.663714799003329 15.9 13.673417081167045
    endloop
  endfacet
  facet normal 0 -1 0
    outer loop
      vertex -5.663714799003329 15.9 13.673417081167045
      vertex 5.663714799003329 15.9 13.673417081167045
      vertex -4.7573040864867915 15.9 14.014565916527564
    endloop
  endfacet
  facet normal 0.29028467725446216 0 -0.9569403357322089
    outer loop
      vertex -4.7573040864867915 10.1 14.014565916527564
      vertex -4.7573040864867915 15.9 14.014565916527564
      vertex -3.830521867517307 10.1 14.295702229078211
    endloop
  endfacet
  facet normal 0.29028467725446216 0 -0.9569403357322089
    outer loop
      vertex -3.830521867517307 10.1 14.295702229078211
      vertex -4.7573040864867915 15.9 14.014565916527564
      vertex -3.830521867517307 15.9 14.295702229078211
    endloop
  endfacet
  facet normal 0.22707626303437334 0 -0.9738769792773336
    outer loop
      vertex -3.830521867517307 10.1 14.295702229078211
      vertex -3.830521867517307 15.9 14.295702229078211
      vertex -2.887336765838698 10.1 14.515622149967811
    endloop
  endfacet
  facet normal 0.16289547339458937 0 -0.986643332084879
    outer loop
      vertex -2.887336765838698 10.1 14.515622149967811
      vertex -2.887336765838698 15.9 14.515622149967811
      vertex -1.9317876448567635 10.1 14.673383948332395
    endloop
  endfacet
  facet normal 0 1 0
    outer loop
      vertex -4.7573040864867915 10.1 14.014565916527564
      vertex -3.830521867517307 10.1 14.295702229078211
      vertex 3.830521867517307 10.1 14.295702229078211
    endloop
  endfacet
  facet normal 0 1 0
    outer loop
      vertex -3.830521867517307 10.1 14.295702229078211
      vertex -2.887336765838698 10.1 14.515622149967811
      vertex 2.887336765838698 10.1 14.515622149967811
    endloop
  endfacet
  facet normal 0 1 0
    outer loop
      vertex -2.887336765838698 10.1 14.515622149967811
      vertex -1.9317876448567635 10.1 14.673383948332395
      vertex 1.9317876448567635 10.1 14.673383948332395
    endloop
  endfacet
  facet normal 0 1 0
    outer loop
      vertex -1.9317876448567635 10.1 14.673383948332395
      vertex -0.9679663126061173 10.1 14.768312063931333
      vertex 0.9679663126061173 10.1 14.768312063931333
    endloop
  endfacet
  facet normal 0.09801714032956067 0 -0.9951847266721968
    outer loop
      vertex -1.9317876448567635 10.1 14.673383948332395
      vertex -1.9317876448567635 15.9 14.673383948332395
      vertex -0.9679663126061173 10.1 14.768312063931333
    endloop
  endfacet
  facet normal 0.03271908282177575 0 -0.9994645874763657
    outer loop
      vertex -0.9679663126061173 10.1 14.768312063931333
      vertex -0.9679663126061173 15.9 14.768312063931333
      vertex 0 10.1 14.8
    endloop
  endfacet
  facet normal 0.22707626303437334 0 -0.9738769792773336
    outer loop
      vertex -3.830521867517307 15.9 14.295702229078211
      vertex -2.887336765838698 15.9 14.515622149967811
      vertex -2.887336765838698 10.1 14.515622149967811
    endloop
  endfacet
  facet normal 0.16289547339458937 0 -0.986643332084879
    outer loop
      vertex -1.9317876448567635 10.1 14.673383948332395
      vertex -2.887336765838698 15.9 14.515622149967811
      vertex -1.9317876448567635 15.9 14.673383948332395
    endloop
  endfacet
  facet normal 0.09801714032956067 0 -0.9951847266721968
    outer loop
      vertex -0.9679663126061173 10.1 14.768312063931333
      vertex -1.9317876448567635 15.9 14.673383948332395
      vertex -0.9679663126061173 15.9 14.768312063931333
    endloop
  endfacet
  facet normal 0.03271908282177575 0 -0.9994645874763657
    outer loop
      vertex -0.9679663126061173 15.9 14.768312063931333
      vertex 0 15.9 14.8
      vertex 0 10.1 14.8
    endloop
  endfacet
  facet normal 0 -1 0
    outer loop
      vertex -4.7573040864867915 15.9 14.014565916527564
      vertex 4.7573040864867915 15.9 14.014565916527564
      vertex -3.830521867517307 15.9 14.295702229078211
    endloop
  endfacet
  facet normal 0 -1 0
    outer loop
      vertex -3.830521867517307 15.9 14.295702229078211
      vertex 3.830521867517307 15.9 14.295702229078211
      vertex -2.887336765838698 15.9 14.515622149967811
    endloop
  endfacet
  facet normal 0 -1 0
    outer loop
      vertex -2.887336765838698 15.9 14.515622149967811
      vertex 2.887336765838698 15.9 14.515622149967811
      vertex -1.9317876448567635 15.9 14.673383948332395
    endloop
  endfacet
  facet normal 0 -1 0
    outer loop
      vertex -1.9317876448567635 15.9 14.673383948332395
      vertex 1.9317876448567635 15.9 14.673383948332395
      vertex -0.9679663126061173 15.9 14.768312063931333
    endloop
  endfacet
  facet normal 0 1 0
    outer loop
      vertex -7.4 10.1 12.817175976009691
      vertex 7.4 10.1 12.817175976009691
      vertex 0 10.1 12.7
    endloop
  endfacet
  facet normal 0 1 0
    outer loop
      vertex -5.663714799003329 10.1 13.673417081167045
      vertex 4.7573040864867915 10.1 14.014565916527564
      vertex 5.663714799003329 10.1 13.673417081167045
    endloop
  endfacet
  facet normal 0 1 0
    outer loop
      vertex -7.4 10.1 12.817175976009691
      vertex 6.54587261524122 10.1 13.273716574683787
      vertex 7.4 10.1 12.817175976009691
    endloop
  endfacet
  facet normal 0 1 0
    outer loop
      vertex 0 10.1 12.7
      vertex 7.4 10.1 12.817175976009691
      vertex 0.8306197412228168 10.1 12.672808325130264
    endloop
  endfacet
  facet normal 0 1 0
    outer loop
      vertex 0.8306197412228168 10.1 12.672808325130264
      vertex 7.4 10.1 12.817175976009691
      vertex 1.6576826411946548 10.1 12.591349739447391
    endloop
  endfacet
  facet normal 0 1 0
    outer loop
      vertex -6.54587261524122 10.1 13.273716574683787
      vertex 5.663714799003329 10.1 13.673417081167045
      vertex 6.54587261524122 10.1 13.273716574683787
    endloop
  endfacet
  facet normal 0 -1 0
    outer loop
      vertex -7.4 15.9 12.817175976009691
      vertex 0 15.9 12.7
      vertex 7.4 15.9 12.817175976009691
    endloop
  endfacet
  facet normal 0 -1 0
    outer loop
      vertex -6.54587261524122 15.9 13.273716574683787
      vertex 7.4 15.9 12.817175976009691
      vertex 6.54587261524122 15.9 13.273716574683787
    endloop
  endfacet
  facet normal 0 -1 0
    outer loop
      vertex 0 15.9 12.7
      vertex 0.8306197412228168 15.9 12.672808325130264
      vertex 7.4 15.9 12.817175976009691
    endloop
  endfacet
  facet normal 0 -1 0
    outer loop
      vertex 0.8306197412228168 15.9 12.672808325130264
      vertex 1.6576826411946548 15.9 12.591349739447391
      vertex 7.4 15.9 12.817175976009691
    endloop
  endfacet
  facet normal 0 -1 0
    outer loop
      vertex -5.663714799003329 15.9 13.673417081167045
      vertex 6.54587261524122 15.9 13.273716574683787
      vertex 5.663714799003329 15.9 13.673417081167045
    endloop
  endfacet
  facet normal 0 -1 0
    outer loop
      vertex -4.7573040864867915 15.9 14.014565916527564
      vertex 5.663714799003329 15.9 13.673417081167045
      vertex 4.7573040864867915 15.9 14.014565916527564
    endloop
  endfacet
  facet normal 0 1 0
    outer loop
      vertex 3.2870018728020134 10.1 12.267257993871167
      vertex 8.222439448690112 10.1 12.30575026207767
      vertex 4.0822812093501515 10.1 12.026012644587842
    endloop
  endfacet
  facet normal 0 1 0
    outer loop
      vertex 5.617066365781316 10.1 11.390283817465141
      vertex 9.009669149329065 10.1 11.741629436310282
      vertex 6.35 10.1 10.99852262806237
    endloop
  endfacet
  facet normal 0 1 0
    outer loop
      vertex 4.0822812093501515 10.1 12.026012644587842
      vertex 8.222439448690112 10.1 12.30575026207767
      vertex 4.86007959103664 10.1 11.733270062893341
    endloop
  endfacet
  facet normal 0 1 0
    outer loop
      vertex 5.617066365781316 10.1 11.390283817465141
      vertex 4.86007959103664 10.1 11.733270062893341
      vertex 9.009669149329065 10.1 11.741629436310282
    endloop
  endfacet
  facet normal 0 1 0
    outer loop
      vertex 1.6576826411946548 10.1 12.591349739447391
      vertex 7.4 10.1 12.817175976009691
      vertex 2.4776470896048286 10.1 12.455973061121027
    endloop
  endfacet
  facet normal 0 1 0
    outer loop
      vertex 2.4776470896048286 10.1 12.455973061121027
      vertex 7.4 10.1 12.817175976009691
      vertex 3.2870018728020134 10.1 12.267257993871167
    endloop
  endfacet
  facet normal -0.35225004792123266 0 -0.935905926757326
    outer loop
      vertex 4.7573040864867915 10.1 14.014565916527564
      vertex 4.7573040864867915 15.9 14.014565916527564
      vertex 5.663714799003329 10.1 13.673417081167045
    endloop
  endfacet
  facet normal 0 1 0
    outer loop
      vertex 3.2870018728020134 10.1 12.267257993871167
      vertex 7.4 10.1 12.817175976009691
      vertex 8.222439448690112 10.1 12.30575026207767
    endloop
  endfacet
  facet normal -0.4713967368259984 0 -0.8819212643483546
    outer loop
      vertex 6.54587261524122 10.1 13.273716574683787
      vertex 6.54587261524122 15.9 13.273716574683787
      vertex 7.4 10.1 12.817175976009691
    endloop
  endfacet
  facet normal -0.4127070298043955 0 -0.9108638249211756
    outer loop
      vertex 5.663714799003329 10.1 13.673417081167045
      vertex 5.663714799003329 15.9 13.673417081167045
      vertex 6.54587261524122 10.1 13.273716574683787
    endloop
  endfacet
  facet normal 0 -1 0
    outer loop
      vertex 2.4776470896048286 15.9 12.455973061121027
      vertex 3.2870018728020134 15.9 12.267257993871167
      vertex 8.222439448690112 15.9 12.30575026207767
    endloop
  endfacet
  facet normal 0 -1 0
    outer loop
      vertex 3.2870018728020134 15.9 12.267257993871167
      vertex 4.0822812093501515 15.9 12.026012644587842
      vertex 8.222439448690112 15.9 12.30575026207767
    endloop
  endfacet
  facet normal 0 -1 0
    outer loop
      vertex 4.0822812093501515 15.9 12.026012644587842
      vertex 4.86007959103664 15.9 11.733270062893341
      vertex 9.009669149329065 15.9 11.741629436310282
    endloop
  endfacet
  facet normal 0 -1 0
    outer loop
      vertex 5.617066365781316 15.9 11.390283817465141
      vertex 9.009669149329065 15.9 11.741629436310282
      vertex 4.86007959103664 15.9 11.733270062893341
    endloop
  endfacet
  facet normal 0 -1 0
    outer loop
      vertex 4.0822812093501515 15.9 12.026012644587842
      vertex 9.009669149329065 15.9 11.741629436310282
      vertex 8.222439448690112 15.9 12.30575026207767
    endloop
  endfacet
  facet normal -0.35225004792123266 0 -0.935905926757326
    outer loop
      vertex 5.663714799003329 10.1 13.673417081167045
      vertex 4.7573040864867915 15.9 14.014565916527564
      vertex 5.663714799003329 15.9 13.673417081167045
    endloop
  endfacet
  facet normal 0 -1 0
    outer loop
      vertex 1.6576826411946548 15.9 12.591349739447391
      vertex 2.4776470896048286 15.9 12.455973061121027
      vertex 8.222439448690112 15.9 12.30575026207767
    endloop
  endfacet
  facet normal -0.4713967368259984 0 -0.8819212643483546
    outer loop
      vertex 6.54587261524122 15.9 13.273716574683787
      vertex 7.4 15.9 12.817175976009691
      vertex 7.4 10.1 12.817175976009691
    endloop
  endfacet
  facet normal -0.4127070298043955 0 -0.9108638249211756
    outer loop
      vertex 6.54587261524122 10.1 13.273716574683787
      vertex 5.663714799003329 15.9 13.673417081167045
      vertex 6.54587261524122 15.9 13.273716574683787
    endloop
  endfacet
  facet normal 0 -1 0
    outer loop
      vertex 1.6576826411946548 15.9 12.591349739447391
      vertex 8.222439448690112 15.9 12.30575026207767
      vertex 7.4 15.9 12.817175976009691
    endloop
  endfacet
  facet normal 0 1 0
    outer loop
      vertex 10.075587421698685 10.1 7.7312701484107516
      vertex 9.548365554983013 10.1 8.373691851770873
      vertex 11.741629436310282 10.1 9.009669149329065
    endloop
  endfacet
  facet normal 0 1 0
    outer loop
      vertex 8.980256121069154 10.1 8.980256121069154
      vertex 11.741629436310282 10.1 9.009669149329065
      vertex 9.548365554983013 10.1 8.373691851770873
    endloop
  endfacet
  facet normal 0 1 0
    outer loop
      vertex 7.7312701484107516 10.1 10.075587421698685
      vertex 10.465180361560904 10.1 10.465180361560904
      vertex 8.373691851770873 10.1 9.548365554983013
    endloop
  endfacet
  facet normal 0 1 0
    outer loop
      vertex 7.055741959348947 10.1 10.559664076242324
      vertex 9.758318063481019 10.1 11.127229150688866
      vertex 7.7312701484107516 10.1 10.075587421698685
    endloop
  endfacet
  facet normal 0 1 0
    outer loop
      vertex 8.980256121069154 10.1 8.980256121069154
      vertex 8.373691851770873 10.1 9.548365554983013
      vertex 11.127229150688866 10.1 9.758318063481019
    endloop
  endfacet
  facet normal 0 1 0
    outer loop
      vertex 8.980256121069154 10.1 8.980256121069154
      vertex 11.127229150688866 10.1 9.758318063481019
      vertex 11.741629436310282 10.1 9.009669149329065
    endloop
  endfacet
  facet normal 0 1 0
    outer loop
      vertex 8.373691851770873 10.1 9.548365554983013
      vertex 10.465180361560904 10.1 10.465180361560904
      vertex 11.127229150688866 10.1 9.758318063481019
    endloop
  endfacet
  facet normal 0 1 0
    outer loop
      vertex 7.7312701484107516 10.1 10.075587421698685
      vertex 9.758318063481019 10.1 11.127229150688866
      vertex 10.465180361560904 10.1 10.465180361560904
    endloop
  endfacet
  facet normal 0 -1 0
    outer loop
      vertex 10.075587421698685 15.9 7.7312701484107516
      vertex 12.30575026207767 15.9 8.222439448690112
      vertex 9.548365554983013 15.9 8.373691851770873
    endloop
  endfacet
  facet normal 0 -1 0
    outer loop
      vertex 8.980256121069154 15.9 8.980256121069154
      vertex 9.548365554983013 15.9 8.373691851770873
      vertex 11.741629436310282 15.9 9.009669149329065
    endloop
  endfacet
  facet normal 0 -1 0
    outer loop
      vertex 6.35 15.9 10.99852262806237
      vertex 7.055741959348947 15.9 10.559664076242324
      vertex 10.465180361560904 15.9 10.465180361560904
    endloop
  endfacet
  facet normal 0 -1 0
    outer loop
      vertex 7.055741959348947 15.9 10.559664076242324
      vertex 7.7312701484107516 15.9 10.075587421698685
      vertex 10.465180361560904 15.9 10.465180361560904
    endloop
  endfacet
  facet normal -0.7298640726978365 0 -0.6835923020228704
    outer loop
      vertex 10.465180361560904 10.1 10.465180361560904
      vertex 10.465180361560904 15.9 10.465180361560904
      vertex 11.127229150688866 15.9 9.758318063481019
    endloop
  endfacet
  facet normal -0.6835923020228704 0 -0.7298640726978365
    outer loop
      vertex 10.465180361560904 10.1 10.465180361560904
      vertex 9.758318063481019 15.9 11.127229150688866
      vertex 10.465180361560904 15.9 10.465180361560904
    endloop
  endfacet
  facet normal 0 -1 0
    outer loop
      vertex 8.980256121069154 15.9 8.980256121069154
      vertex 11.741629436310282 15.9 9.009669149329065
      vertex 8.373691851770873 15.9 9.548365554983013
    endloop
  endfacet
  facet normal 0 -1 0
    outer loop
      vertex 7.7312701484107516 15.9 10.075587421698685
      vertex 8.373691851770873 15.9 9.548365554983013
      vertex 11.127229150688866 15.9 9.758318063481019
    endloop
  endfacet
  facet normal 0 -1 0
    outer loop
      vertex 8.373691851770873 15.9 9.548365554983013
      vertex 11.741629436310282 15.9 9.009669149329065
      vertex 11.127229150688866 15.9 9.758318063481019
    endloop
  endfacet
  facet normal 0 -1 0
    outer loop
      vertex 7.7312701484107516 15.9 10.075587421698685
      vertex 11.127229150688866 15.9 9.758318063481019
      vertex 10.465180361560904 15.9 10.465180361560904
    endloop
  endfacet
  facet normal 0 1 0
    outer loop
      vertex 10.075587421698685 10.1 7.7312701484107516
      vertex 12.754991980002865 10.1 7.5
      vertex 10.241313266380269 10.1 7.5
    endloop
  endfacet
  facet normal 0 1 0
    outer loop
      vertex 10.075587421698685 10.1 7.7312701484107516
      vertex 12.30575026207767 10.1 8.222439448690112
      vertex 12.754991980002865 10.1 7.5
    endloop
  endfacet
  facet normal 0 1 0
    outer loop
      vertex 10.075587421698685 10.1 7.7312701484107516
      vertex 11.741629436310282 10.1 9.009669149329065
      vertex 12.30575026207767 10.1 8.222439448690112
    endloop
  endfacet
  facet normal -0.812846684591616 0 -0.582477696867801
    outer loop
      vertex 11.741629436310282 10.1 9.009669149329065
      vertex 12.30575026207767 15.9 8.222439448690112
      vertex 12.30575026207767 10.1 8.222439448690112
    endloop
  endfacet
  facet normal -0.8492021815265791 0 -0.5280678506503677
    outer loop
      vertex 12.30575026207767 10.1 8.222439448690112
      vertex 12.754991980002865 15.9 7.5
      vertex 12.754991980002865 10.1 7.5
    endloop
  endfacet
  facet normal -0.7730104533627361 0 -0.6343932841636464
    outer loop
      vertex 11.741629436310282 10.1 9.009669149329065
      vertex 11.127229150688866 10.1 9.758318063481019
      vertex 11.741629436310282 15.9 9.009669149329065
    endloop
  endfacet
  facet normal -0.7298640726978365 0 -0.6835923020228704
    outer loop
      vertex 10.465180361560904 10.1 10.465180361560904
      vertex 11.127229150688866 15.9 9.758318063481019
      vertex 11.127229150688866 10.1 9.758318063481019
    endloop
  endfacet
  facet normal -0.8492021815265791 0 -0.5280678506503677
    outer loop
      vertex 12.30575026207767 10.1 8.222439448690112
      vertex 12.30575026207767 15.9 8.222439448690112
      vertex 12.754991980002865 15.9 7.5
    endloop
  endfacet
  facet normal -0.812846684591616 0 -0.582477696867801
    outer loop
      vertex 11.741629436310282 10.1 9.009669149329065
      vertex 11.741629436310282 15.9 9.009669149329065
      vertex 12.30575026207767 15.9 8.222439448690112
    endloop
  endfacet
  facet normal 0 -1 0
    outer loop
      vertex 10.075587421698685 15.9 7.7312701484107516
      vertex 10.241313266380269 15.9 7.5
      vertex 12.30575026207767 15.9 8.222439448690112
    endloop
  endfacet
  facet normal 0 -1 0
    outer loop
      vertex 12.30575026207767 15.9 8.222439448690112
      vertex 10.241313266380269 15.9 7.5
      vertex 12.754991980002865 15.9 7.5
    endloop
  endfacet
  facet normal 0 -1 0
    outer loop
      vertex 9.548365554983013 15.9 8.373691851770873
      vertex 12.30575026207767 15.9 8.222439448690112
      vertex 11.741629436310282 15.9 9.009669149329065
    endloop
  endfacet
  facet normal -0.7730104533627361 0 -0.6343932841636464
    outer loop
      vertex 11.127229150688866 10.1 9.758318063481019
      vertex 11.127229150688866 15.9 9.758318063481019
      vertex 11.741629436310282 15.9 9.009669149329065
    endloop
  endfacet
  facet normal 0 1 0
    outer loop
      vertex 6.35 10.1 10.99852262806237
      vertex 9.758318063481019 10.1 11.127229150688866
      vertex 7.055741959348947 10.1 10.559664076242324
    endloop
  endfacet
  facet normal 0 1 0
    outer loop
      vertex 6.35 10.1 10.99852262806237
      vertex 9.009669149329065 10.1 11.741629436310282
      vertex 9.758318063481019 10.1 11.127229150688866
    endloop
  endfacet
  facet normal 0 1 0
    outer loop
      vertex 4.86007959103664 10.1 11.733270062893341
      vertex 8.222439448690112 10.1 12.30575026207767
      vertex 9.009669149329065 10.1 11.741629436310282
    endloop
  endfacet
  facet normal -0.582477696867801 0 -0.812846684591616
    outer loop
      vertex 8.222439448690112 10.1 12.30575026207767
      vertex 8.222439448690112 15.9 12.30575026207767
      vertex 9.009669149329065 10.1 11.741629436310282
    endloop
  endfacet
  facet normal -0.6343932841636464 0 -0.7730104533627361
    outer loop
      vertex 9.758318063481019 10.1 11.127229150688866
      vertex 9.009669149329065 10.1 11.741629436310282
      vertex 9.009669149329065 15.9 11.741629436310282
    endloop
  endfacet
  facet normal -0.6835923020228704 0 -0.7298640726978365
    outer loop
      vertex 9.758318063481019 10.1 11.127229150688866
      vertex 9.758318063481019 15.9 11.127229150688866
      vertex 10.465180361560904 10.1 10.465180361560904
    endloop
  endfacet
  facet normal -0.5280678506503681 0 -0.8492021815265788
    outer loop
      vertex 8.222439448690112 10.1 12.30575026207767
      vertex 7.4 10.1 12.817175976009691
      vertex 7.4 15.9 12.817175976009691
    endloop
  endfacet
  facet normal -0.582477696867801 0 -0.812846684591616
    outer loop
      vertex 9.009669149329065 10.1 11.741629436310282
      vertex 8.222439448690112 15.9 12.30575026207767
      vertex 9.009669149329065 15.9 11.741629436310282
    endloop
  endfacet
  facet normal 0 -1 0
    outer loop
      vertex 5.617066365781316 15.9 11.390283817465141
      vertex 6.35 15.9 10.99852262806237
      vertex 9.758318063481019 15.9 11.127229150688866
    endloop
  endfacet
  facet normal 0 -1 0
    outer loop
      vertex 6.35 15.9 10.99852262806237
      vertex 10.465180361560904 15.9 10.465180361560904
      vertex 9.758318063481019 15.9 11.127229150688866
    endloop
  endfacet
  facet normal 0 -1 0
    outer loop
      vertex 5.617066365781316 15.9 11.390283817465141
      vertex 9.758318063481019 15.9 11.127229150688866
      vertex 9.009669149329065 15.9 11.741629436310282
    endloop
  endfacet
  facet normal -0.6343932841636464 0 -0.7730104533627361
    outer loop
      vertex 9.758318063481019 10.1 11.127229150688866
      vertex 9.009669149329065 15.9 11.741629436310282
      vertex 9.758318063481019 15.9 11.127229150688866
    endloop
  endfacet
  facet normal -0.5280678506503681 0 -0.8492021815265788
    outer loop
      vertex 8.222439448690112 10.1 12.30575026207767
      vertex 7.4 15.9 12.817175976009691
      vertex 8.222439448690112 15.9 12.30575026207767
    endloop
  endfacet
  facet normal 0 1 0
    outer loop
      vertex -0.9679663126061173 10.1 14.768312063931333
      vertex 0 10.1 14.8
      vertex 0.9679663126061173 10.1 14.768312063931333
    endloop
  endfacet
  facet normal 0 1 0
    outer loop
      vertex -1.9317876448567635 10.1 14.673383948332395
      vertex 0.9679663126061173 10.1 14.768312063931333
      vertex 1.9317876448567635 10.1 14.673383948332395
    endloop
  endfacet
  facet normal 0 1 0
    outer loop
      vertex -2.887336765838698 10.1 14.515622149967811
      vertex 1.9317876448567635 10.1 14.673383948332395
      vertex 2.887336765838698 10.1 14.515622149967811
    endloop
  endfacet
  facet normal 0 1 0
    outer loop
      vertex -4.7573040864867915 10.1 14.014565916527564
      vertex 3.830521867517307 10.1 14.295702229078211
      vertex 4.7573040864867915 10.1 14.014565916527564
    endloop
  endfacet
  facet normal 0 1 0
    outer loop
      vertex -3.830521867517307 10.1 14.295702229078211
      vertex 2.887336765838698 10.1 14.515622149967811
      vertex 3.830521867517307 10.1 14.295702229078211
    endloop
  endfacet
  facet normal -0.03271908282177575 0 -0.9994645874763657
    outer loop
      vertex 0 10.1 14.8
      vertex 0 15.9 14.8
      vertex 0.9679663126061173 10.1 14.768312063931333
    endloop
  endfacet
  facet normal -0.09801714032956067 0 -0.9951847266721968
    outer loop
      vertex 0.9679663126061173 10.1 14.768312063931333
      vertex 0.9679663126061173 15.9 14.768312063931333
      vertex 1.9317876448567635 10.1 14.673383948332395
    endloop
  endfacet
  facet normal -0.16289547339458937 0 -0.986643332084879
    outer loop
      vertex 1.9317876448567635 10.1 14.673383948332395
      vertex 1.9317876448567635 15.9 14.673383948332395
      vertex 2.887336765838698 10.1 14.515622149967811
    endloop
  endfacet
  facet normal -0.22707626303437334 0 -0.9738769792773336
    outer loop
      vertex 2.887336765838698 10.1 14.515622149967811
      vertex 2.887336765838698 15.9 14.515622149967811
      vertex 3.830521867517307 10.1 14.295702229078211
    endloop
  endfacet
  facet normal -0.03271908282177575 0 -0.9994645874763657
    outer loop
      vertex 0.9679663126061173 10.1 14.768312063931333
      vertex 0 15.9 14.8
      vertex 0.9679663126061173 15.9 14.768312063931333
    endloop
  endfacet
  facet normal -0.09801714032956067 0 -0.9951847266721968
    outer loop
      vertex 1.9317876448567635 10.1 14.673383948332395
      vertex 0.9679663126061173 15.9 14.768312063931333
      vertex 1.9317876448567635 15.9 14.673383948332395
    endloop
  endfacet
  facet normal 0 -1 0
    outer loop
      vertex -0.9679663126061173 15.9 14.768312063931333
      vertex 0.9679663126061173 15.9 14.768312063931333
      vertex 0 15.9 14.8
    endloop
  endfacet
  facet normal 0 -1 0
    outer loop
      vertex -0.9679663126061173 15.9 14.768312063931333
      vertex 1.9317876448567635 15.9 14.673383948332395
      vertex 0.9679663126061173 15.9 14.768312063931333
    endloop
  endfacet
  facet normal 0 -1 0
    outer loop
      vertex -3.830521867517307 15.9 14.295702229078211
      vertex 4.7573040864867915 15.9 14.014565916527564
      vertex 3.830521867517307 15.9 14.295702229078211
    endloop
  endfacet
  facet normal 0 -1 0
    outer loop
      vertex -2.887336765838698 15.9 14.515622149967811
      vertex 3.830521867517307 15.9 14.295702229078211
      vertex 2.887336765838698 15.9 14.515622149967811
    endloop
  endfacet
  facet normal 0 -1 0
    outer loop
      vertex -1.9317876448567635 15.9 14.673383948332395
      vertex 2.887336765838698 15.9 14.515622149967811
      vertex 1.9317876448567635 15.9 14.673383948332395
    endloop
  endfacet
  facet normal -0.16289547339458937 0 -0.986643332084879
    outer loop
      vertex 2.887336765838698 10.1 14.515622149967811
      vertex 1.9317876448567635 15.9 14.673383948332395
      vertex 2.887336765838698 15.9 14.515622149967811
    endloop
  endfacet
  facet normal -0.22707626303437334 0 -0.9738769792773336
    outer loop
      vertex 2.887336765838698 15.9 14.515622149967811
      vertex 3.830521867517307 15.9 14.295702229078211
      vertex 3.830521867517307 10.1 14.295702229078211
    endloop
  endfacet
  facet normal -0.29028467725446216 0 -0.9569403357322089
    outer loop
      vertex 3.830521867517307 10.1 14.295702229078211
      vertex 3.830521867517307 15.9 14.295702229078211
      vertex 4.7573040864867915 10.1 14.014565916527564
    endloop
  endfacet
  facet normal -0.29028467725446216 0 -0.9569403357322089
    outer loop
      vertex 4.7573040864867915 10.1 14.014565916527564
      vertex 3.830521867517307 15.9 14.295702229078211
      vertex 4.7573040864867915 15.9 14.014565916527564
    endloop
  endfacet
  facet normal 0 0 -1
    outer loop
      vertex -14.358918449461147 -17.9 7.5
      vertex -12.754991980002865 -10.1 7.5
      vertex -12.754991980002865 -15.9 7.5
    endloop
  endfacet
  facet normal 0 0 -1
    outer loop
      vertex -14.358918449461147 -17.9 7.5
      vertex -12.754991980002865 -15.9 7.5
      vertex -10.241313266380269 -15.9 7.5
    endloop
  endfacet
  facet normal 0 -1 0
    outer loop
      vertex -14.358918449461147 -17.9 7.5
      vertex -10.241313266380267 -17.9 7.5
      vertex -10.075587421698685 -17.9 7.7312701484107516
    endloop
  endfacet
  facet normal 0 -1 0
    outer loop
      vertex -14.358918449461147 -17.9 7.5
      vertex -10.075587421698685 -17.9 7.7312701484107516
      vertex -9.548365554983013 -17.9 8.373691851770873
    endloop
  endfacet
  facet normal 0 0 -1
    outer loop
      vertex -14.358918449461147 -17.9 7.5
      vertex -10.241313266380269 -15.9 7.5
      vertex -10.241313266380267 -17.9 7.5
    endloop
  endfacet
  facet normal 0 -1 0
    outer loop
      vertex -14.358918449461147 -17.9 7.5
      vertex -9.548365554983013 -17.9 8.373691851770873
      vertex -8.980256121069154 -17.9 8.980256121069154
    endloop
  endfacet
  facet normal 0 -1 0
    outer loop
      vertex -14.358918449461147 -17.9 7.5
      vertex -8.980256121069154 -17.9 8.980256121069154
      vertex -8.373691851770873 -17.9 9.548365554983013
    endloop
  endfacet
  facet normal 0 -1 0
    outer loop
      vertex -14.358918449461147 -17.9 7.5
      vertex -8.373691851770873 -17.9 9.548365554983013
      vertex -7.7312701484107516 -17.9 10.075587421698685
    endloop
  endfacet
  facet normal 0 -1 0
    outer loop
      vertex -14.358918449461147 -17.9 7.5
      vertex -7.7312701484107516 -17.9 10.075587421698685
      vertex -7.055741959348947 -17.9 10.559664076242324
    endloop
  endfacet
  facet normal 0 -1 0
    outer loop
      vertex -14.358918449461147 -17.9 7.5
      vertex -7.055741959348947 -17.9 10.559664076242324
      vertex -6.35 -17.9 10.99852262806237
    endloop
  endfacet
  facet normal 0 -1 0
    outer loop
      vertex -14.358918449461147 -17.9 7.5
      vertex -6.35 -17.9 10.99852262806237
      vertex -5.617066365781316 -17.9 11.390283817465141
    endloop
  endfacet
  facet normal 0 0 -1
    outer loop
      vertex -14.358918449461147 -17.9 7.5
      vertex -12.754991980002865 10.1 7.5
      vertex -12.754991980002865 -10.1 7.5
    endloop
  endfacet
  facet normal 0 0 -1
    outer loop
      vertex -12.754991980002865 -10.1 7.5
      vertex -12.754991980002865 10.1 7.5
      vertex -10.241313266380269 -10.1 7.5
    endloop
  endfacet
  facet normal 0 -1 0
    outer loop
      vertex -14.358918449461147 -17.9 7.5
      vertex 3.5 -17.9 16.3
      vertex -3.5 -17.9 16.3
    endloop
  endfacet
  facet normal 0 -1 0
    outer loop
      vertex -14.358918449461147 -17.9 7.5
      vertex -5.617066365781316 -17.9 11.390283817465141
      vertex 14.358918449461147 -17.9 20.5
    endloop
  endfacet
  facet normal 0 -1 0
    outer loop
      vertex -14.358918449461147 -17.9 7.5
      vertex -3.5 -17.9 20.5
      vertex -14.358918449461147 -17.9 20.5
    endloop
  endfacet
  facet normal 0 0 1
    outer loop
      vertex -14.358918449461147 -17.9 20.5
      vertex -3.5 -8.7 20.5
      vertex -11.7 -8.7 20.5
    endloop
  endfacet
  facet normal -1 0 0
    outer loop
      vertex -14.358918449461147 -17.9 7.5
      vertex -14.358918449461147 -17.9 20.5
      vertex -14.358918449461147 17.9 20.5
    endloop
  endfacet
  facet normal 0 0 1
    outer loop
      vertex -14.358918449461147 -17.9 20.5
      vertex -11.7 -8.7 20.5
      vertex -11.7 8.7 20.5
    endloop
  endfacet
  facet normal 0 -1 0
    outer loop
      vertex -14.358918449461147 -17.9 7.5
      vertex -3.5 -17.9 16.3
      vertex -3.5 -17.9 20.5
    endloop
  endfacet
  facet normal 0 0 1
    outer loop
      vertex -14.358918449461147 -17.9 20.5
      vertex -3.5 -17.9 20.5
      vertex -3.5 -8.7 20.5
    endloop
  endfacet
  facet normal 0 0 -1
    outer loop
      vertex -14.358918449461147 -17.9 7.5
      vertex -14.358918449461147 17.9 7.5
      vertex -12.754991980002865 10.1 7.5
    endloop
  endfacet
  facet normal 0 0 -1
    outer loop
      vertex -10.241313266380269 -10.1 7.5
      vertex -12.754991980002865 10.1 7.5
      vertex -10.241313266380269 10.1 7.5
    endloop
  endfacet
  facet normal -1 0 0
    outer loop
      vertex -14.358918449461147 -17.9 7.5
      vertex -14.358918449461147 17.9 20.5
      vertex -14.358918449461147 17.9 7.5
    endloop
  endfacet
  facet normal 0 0 -1
    outer loop
      vertex -14.358918449461147 17.9 7.5
      vertex -12.754991980002865 15.9 7.5
      vertex -12.754991980002865 10.1 7.5
    endloop
  endfacet
  facet normal 0 0 -1
    outer loop
      vertex -14.358918449461147 17.9 7.5
      vertex -10.241313266380269 15.9 7.5
      vertex -12.754991980002865 15.9 7.5
    endloop
  endfacet
  facet normal 0 0 -1
    outer loop
      vertex -14.358918449461147 17.9 7.5
      vertex -10.241313266380269 17.9 7.5
      vertex -10.241313266380269 15.9 7.5
    endloop
  endfacet
  facet normal 0 1 0
    outer loop
      vertex -14.358918449461147 17.9 7.5
      vertex -14.358918449461147 17.9 20.5
      vertex -10.241313266380269 17.9 7.5
    endloop
  endfacet
  facet normal 0 1 0
    outer loop
      vertex -14.358918449461147 17.9 20.5
      vertex -10.075587421698685 17.9 7.7312701484107516
      vertex -10.241313266380269 17.9 7.5
    endloop
  endfacet
  facet normal 0 1 0
    outer loop
      vertex -14.358918449461147 17.9 20.5
      vertex -9.548365554983013 17.9 8.373691851770873
      vertex -10.075587421698685 17.9 7.7312701484107516
    endloop
  endfacet
  facet normal 0 1 0
    outer loop
      vertex -14.358918449461147 17.9 20.5
      vertex -8.980256121069154 17.9 8.980256121069154
      vertex -9.548365554983013 17.9 8.373691851770873
    endloop
  endfacet
  facet normal 0 1 0
    outer loop
      vertex -14.358918449461147 17.9 20.5
      vertex -8.373691851770873 17.9 9.548365554983013
      vertex -8.980256121069154 17.9 8.980256121069154
    endloop
  endfacet
  facet normal 0 1 0
    outer loop
      vertex -14.358918449461147 17.9 20.5
      vertex -7.7312701484107516 17.9 10.075587421698685
      vertex -8.373691851770873 17.9 9.548365554983013
    endloop
  endfacet
  facet normal 0 1 0
    outer loop
      vertex -14.358918449461147 17.9 20.5
      vertex -7.055741959348947 17.9 10.559664076242324
      vertex -7.7312701484107516 17.9 10.075587421698685
    endloop
  endfacet
  facet normal 0 0 1
    outer loop
      vertex -14.358918449461147 -17.9 20.5
      vertex -11.7 8.7 20.5
      vertex -14.358918449461147 17.9 20.5
    endloop
  endfacet
  facet normal 0 1 0
    outer loop
      vertex -14.358918449461147 17.9 20.5
      vertex -6.35 17.9 10.99852262806237
      vertex -7.055741959348947 17.9 10.559664076242324
    endloop
  endfacet
  facet normal 0 1 0
    outer loop
      vertex -14.358918449461147 17.9 20.5
      vertex -5.617066365781316 17.9 11.390283817465141
      vertex -6.35 17.9 10.99852262806237
    endloop
  endfacet
  facet normal 0 1 0
    outer loop
      vertex -14.358918449461147 17.9 20.5
      vertex -4.86007959103664 17.9 11.733270062893341
      vertex -5.617066365781316 17.9 11.390283817465141
    endloop
  endfacet
  facet normal 0 1 0
    outer loop
      vertex -14.358918449461147 17.9 20.5
      vertex -4.0822812093501515 17.9 12.026012644587842
      vertex -4.86007959103664 17.9 11.733270062893341
    endloop
  endfacet
  facet normal 0 1 0
    outer loop
      vertex -14.358918449461147 17.9 20.5
      vertex -3.2870018728020134 17.9 12.267257993871167
      vertex -4.0822812093501515 17.9 12.026012644587842
    endloop
  endfacet
  facet normal 0 1 0
    outer loop
      vertex -14.358918449461147 17.9 20.5
      vertex -2.4776470896048286 17.9 12.455973061121027
      vertex -3.2870018728020134 17.9 12.267257993871167
    endloop
  endfacet
  facet normal 0 1 0
    outer loop
      vertex -14.358918449461147 17.9 20.5
      vertex -1.6576826411946548 17.9 12.591349739447391
      vertex -2.4776470896048286 17.9 12.455973061121027
    endloop
  endfacet
  facet normal 0 1 0
    outer loop
      vertex -14.358918449461147 17.9 20.5
      vertex -0.8306197412228168 17.9 12.672808325130264
      vertex -1.6576826411946548 17.9 12.591349739447391
    endloop
  endfacet
  facet normal 0 1 0
    outer loop
      vertex -14.358918449461147 17.9 20.5
      vertex 0 17.9 12.7
      vertex -0.8306197412228168 17.9 12.672808325130264
    endloop
  endfacet
  facet normal 0 1 0
    outer loop
      vertex -14.358918449461147 17.9 20.5
      vertex 0.8306197412228168 17.9 12.672808325130264
      vertex 0 17.9 12.7
    endloop
  endfacet
  facet normal 0 1 0
    outer loop
      vertex -14.358918449461147 17.9 20.5
      vertex 1.6576826411946548 17.9 12.591349739447391
      vertex 0.8306197412228168 17.9 12.672808325130264
    endloop
  endfacet
  facet normal 0 1 0
    outer loop
      vertex -14.358918449461147 17.9 20.5
      vertex 4.86007959103664 17.9 11.733270062893341
      vertex 4.0822812093501515 17.9 12.026012644587842
    endloop
  endfacet
  facet normal 0 1 0
    outer loop
      vertex -14.358918449461147 17.9 20.5
      vertex 2.4776470896048286 17.9 12.455973061121027
      vertex 1.6576826411946548 17.9 12.591349739447391
    endloop
  endfacet
  facet normal 0 1 0
    outer loop
      vertex -14.358918449461147 17.9 20.5
      vertex 3.2870018728020134 17.9 12.267257993871167
      vertex 2.4776470896048286 17.9 12.455973061121027
    endloop
  endfacet
  facet normal 0 1 0
    outer loop
      vertex -14.358918449461147 17.9 20.5
      vertex 4.0822812093501515 17.9 12.026012644587842
      vertex 3.2870018728020134 17.9 12.267257993871167
    endloop
  endfacet
  facet normal 0 1 0
    outer loop
      vertex -14.358918449461147 17.9 20.5
      vertex 5.617066365781316 17.9 11.390283817465141
      vertex 4.86007959103664 17.9 11.733270062893341
    endloop
  endfacet
  facet normal 0 0 1
    outer loop
      vertex -14.358918449461147 17.9 20.5
      vertex -11.7 8.7 20.5
      vertex 11.7 8.7 20.5
    endloop
  endfacet
  facet normal 0 0 -1
    outer loop
      vertex 14.358918449461147 -17.9 7.5
      vertex 10.241313266380269 -17.9 7.5
      vertex 10.241313266380269 -15.9 7.5
    endloop
  endfacet
  facet normal 0 0 -1
    outer loop
      vertex 14.358918449461147 -17.9 7.5
      vertex 10.241313266380269 -15.9 7.5
      vertex 12.754991980002865 -15.9 7.5
    endloop
  endfacet
  facet normal 0 0 -1
    outer loop
      vertex 14.358918449461147 -17.9 7.5
      vertex 12.754991980002865 -15.9 7.5
      vertex 12.754991980002865 -10.1 7.5
    endloop
  endfacet
  facet normal 0 -1 0
    outer loop
      vertex 14.358918449461147 -17.9 20.5
      vertex 8.373691851770873 -17.9 9.548365554983013
      vertex 8.980256121069154 -17.9 8.980256121069154
    endloop
  endfacet
  facet normal 0 -1 0
    outer loop
      vertex 14.358918449461147 -17.9 20.5
      vertex 7.055741959348947 -17.9 10.559664076242324
      vertex 7.7312701484107516 -17.9 10.075587421698685
    endloop
  endfacet
  facet normal 0 -1 0
    outer loop
      vertex 14.358918449461147 -17.9 20.5
      vertex 7.7312701484107516 -17.9 10.075587421698685
      vertex 8.373691851770873 -17.9 9.548365554983013
    endloop
  endfacet
  facet normal 0 -1 0
    outer loop
      vertex 14.358918449461147 -17.9 20.5
      vertex 10.075587421698685 -17.9 7.7312701484107516
      vertex 10.241313266380269 -17.9 7.5
    endloop
  endfacet
  facet normal 0 -1 0
    outer loop
      vertex 14.358918449461147 -17.9 20.5
      vertex 9.548365554983013 -17.9 8.373691851770873
      vertex 10.075587421698685 -17.9 7.7312701484107516
    endloop
  endfacet
  facet normal 0 -1 0
    outer loop
      vertex 14.358918449461147 -17.9 7.5
      vertex 14.358918449461147 -17.9 20.5
      vertex 10.241313266380269 -17.9 7.5
    endloop
  endfacet
  facet normal 0 -1 0
    outer loop
      vertex 14.358918449461147 -17.9 20.5
      vertex 8.980256121069154 -17.9 8.980256121069154
      vertex 9.548365554983013 -17.9 8.373691851770873
    endloop
  endfacet
  facet normal 0 0 -1
    outer loop
      vertex 10.241313266380269 -10.1 7.5
      vertex 10.241313266380269 10.1 7.5
      vertex 12.754991980002865 -10.1 7.5
    endloop
  endfacet
  facet normal 0 0 -1
    outer loop
      vertex 14.358918449461147 -17.9 7.5
      vertex 12.754991980002865 -10.1 7.5
      vertex 14.358918449461147 17.9 7.5
    endloop
  endfacet
  facet normal 1 0 0
    outer loop
      vertex 14.358918449461147 -17.9 7.5
      vertex 14.358918449461147 17.9 7.5
      vertex 14.358918449461147 -17.9 20.5
    endloop
  endfacet
  facet normal 0 -1 0
    outer loop
      vertex 14.358918449461147 -17.9 20.5
      vertex -5.617066365781316 -17.9 11.390283817465141
      vertex -4.86007959103664 -17.9 11.733270062893341
    endloop
  endfacet
  facet normal 0 -1 0
    outer loop
      vertex -14.358918449461147 -17.9 7.5
      vertex 14.358918449461147 -17.9 20.5
      vertex 3.5 -17.9 16.3
    endloop
  endfacet
  facet normal 0 -1 0
    outer loop
      vertex 14.358918449461147 -17.9 20.5
      vertex -4.86007959103664 -17.9 11.733270062893341
      vertex -4.0822812093501515 -17.9 12.026012644587842
    endloop
  endfacet
  facet normal 0 -1 0
    outer loop
      vertex 14.358918449461147 -17.9 20.5
      vertex -4.0822812093501515 -17.9 12.026012644587842
      vertex -3.2870018728020134 -17.9 12.267257993871167
    endloop
  endfacet
  facet normal 0 -1 0
    outer loop
      vertex 14.358918449461147 -17.9 20.5
      vertex -3.2870018728020134 -17.9 12.267257993871167
      vertex -2.4776470896048286 -17.9 12.455973061121027
    endloop
  endfacet
  facet normal 0 -1 0
    outer loop
      vertex 14.358918449461147 -17.9 20.5
      vertex -2.4776470896048286 -17.9 12.455973061121027
      vertex -1.6576826411946548 -17.9 12.591349739447391
    endloop
  endfacet
  facet normal 0 -1 0
    outer loop
      vertex 14.358918449461147 -17.9 20.5
      vertex -1.6576826411946548 -17.9 12.591349739447391
      vertex -0.8306197412228168 -17.9 12.672808325130264
    endloop
  endfacet
  facet normal 0 -1 0
    outer loop
      vertex 14.358918449461147 -17.9 20.5
      vertex -0.8306197412228168 -17.9 12.672808325130264
      vertex 0 -17.9 12.7
    endloop
  endfacet
  facet normal 0 -1 0
    outer loop
      vertex 14.358918449461147 -17.9 20.5
      vertex 0 -17.9 12.7
      vertex 0.8306197412228168 -17.9 12.672808325130264
    endloop
  endfacet
  facet normal 0 -1 0
    outer loop
      vertex 14.358918449461147 -17.9 20.5
      vertex 1.6576826411946548 -17.9 12.591349739447391
      vertex 2.4776470896048286 -17.9 12.455973061121027
    endloop
  endfacet
  facet normal 0 -1 0
    outer loop
      vertex 14.358918449461147 -17.9 20.5
      vertex 0.8306197412228168 -17.9 12.672808325130264
      vertex 1.6576826411946548 -17.9 12.591349739447391
    endloop
  endfacet
  facet normal 0 -1 0
    outer loop
      vertex 14.358918449461147 -17.9 20.5
      vertex 2.4776470896048286 -17.9 12.455973061121027
      vertex 3.2870018728020134 -17.9 12.267257993871167
    endloop
  endfacet
  facet normal 0 -1 0
    outer loop
      vertex 14.358918449461147 -17.9 20.5
      vertex 3.5 -17.9 20.5
      vertex 3.5 -17.9 16.3
    endloop
  endfacet
  facet normal 0 0 1
    outer loop
      vertex 14.358918449461147 -17.9 20.5
      vertex 3.5 -8.7 20.5
      vertex 3.5 -17.9 20.5
    endloop
  endfacet
  facet normal 0 -1 0
    outer loop
      vertex 14.358918449461147 -17.9 20.5
      vertex 4.0822812093501515 -17.9 12.026012644587842
      vertex 4.86007959103664 -17.9 11.733270062893341
    endloop
  endfacet
  facet normal 0 -1 0
    outer loop
      vertex 14.358918449461147 -17.9 20.5
      vertex 5.617066365781316 -17.9 11.390283817465141
      vertex 6.35 -17.9 10.99852262806237
    endloop
  endfacet
  facet normal 0 -1 0
    outer loop
      vertex 14.358918449461147 -17.9 20.5
      vertex 4.86007959103664 -17.9 11.733270062893341
      vertex 5.617066365781316 -17.9 11.390283817465141
    endloop
  endfacet
  facet normal 0 -1 0
    outer loop
      vertex 14.358918449461147 -17.9 20.5
      vertex 3.2870018728020134 -17.9 12.267257993871167
      vertex 4.0822812093501515 -17.9 12.026012644587842
    endloop
  endfacet
  facet normal 0 -1 0
    outer loop
      vertex 14.358918449461147 -17.9 20.5
      vertex 6.35 -17.9 10.99852262806237
      vertex 7.055741959348947 -17.9 10.559664076242324
    endloop
  endfacet
  facet normal 0 0 1
    outer loop
      vertex 14.358918449461147 -17.9 20.5
      vertex 11.7 -8.7 20.5
      vertex 3.5 -8.7 20.5
    endloop
  endfacet
  facet normal 0 0 1
    outer loop
      vertex 14.358918449461147 -17.9 20.5
      vertex 14.358918449461147 17.9 20.5
      vertex 11.7 -8.7 20.5
    endloop
  endfacet
  facet normal 0 1 0
    outer loop
      vertex -14.358918449461147 17.9 20.5
      vertex 14.358918449461147 17.9 7.5
      vertex 5.617066365781316 17.9 11.390283817465141
    endloop
  endfacet
  facet normal 0 0 -1
    outer loop
      vertex 12.754991980002865 -10.1 7.5
      vertex 10.241313266380269 10.1 7.5
      vertex 12.754991980002865 10.1 7.5
    endloop
  endfacet
  facet normal 0 0 -1
    outer loop
      vertex 14.358918449461147 17.9 7.5
      vertex 12.754991980002865 -10.1 7.5
      vertex 12.754991980002865 10.1 7.5
    endloop
  endfacet
  facet normal 0 1 0
    outer loop
      vertex 14.358918449461147 17.9 7.5
      vertex 8.980256121069154 17.9 8.980256121069154
      vertex 8.373691851770873 17.9 9.548365554983013
    endloop
  endfacet
  facet normal 0 1 0
    outer loop
      vertex 14.358918449461147 17.9 7.5
      vertex 8.373691851770873 17.9 9.548365554983013
      vertex 7.7312701484107516 17.9 10.075587421698685
    endloop
  endfacet
  facet normal 0 1 0
    outer loop
      vertex 14.358918449461147 17.9 7.5
      vertex 6.35 17.9 10.99852262806237
      vertex 5.617066365781316 17.9 11.390283817465141
    endloop
  endfacet
  facet normal 0 1 0
    outer loop
      vertex 14.358918449461147 17.9 7.5
      vertex 7.7312701484107516 17.9 10.075587421698685
      vertex 7.055741959348947 17.9 10.559664076242324
    endloop
  endfacet
  facet normal 0 1 0
    outer loop
      vertex 14.358918449461147 17.9 7.5
      vertex 7.055741959348947 17.9 10.559664076242324
      vertex 6.35 17.9 10.99852262806237
    endloop
  endfacet
  facet normal 0 0 -1
    outer loop
      vertex 14.358918449461147 17.9 7.5
      vertex 10.241313266380269 15.9 7.5
      vertex 10.241313266380267 17.9 7.5
    endloop
  endfacet
  facet normal 0 1 0
    outer loop
      vertex 14.358918449461147 17.9 7.5
      vertex 10.241313266380267 17.9 7.5
      vertex 10.075587421698685 17.9 7.7312701484107516
    endloop
  endfacet
  facet normal 0 1 0
    outer loop
      vertex 14.358918449461147 17.9 7.5
      vertex 10.075587421698685 17.9 7.7312701484107516
      vertex 9.548365554983013 17.9 8.373691851770873
    endloop
  endfacet
  facet normal 0 1 0
    outer loop
      vertex 14.358918449461147 17.9 7.5
      vertex 9.548365554983013 17.9 8.373691851770873
      vertex 8.980256121069154 17.9 8.980256121069154
    endloop
  endfacet
  facet normal 0 0 -1
    outer loop
      vertex 14.358918449461147 17.9 7.5
      vertex 12.754991980002865 15.9 7.5
      vertex 10.241313266380269 15.9 7.5
    endloop
  endfacet
  facet normal 0 0 -1
    outer loop
      vertex 14.358918449461147 17.9 7.5
      vertex 12.754991980002865 10.1 7.5
      vertex 12.754991980002865 15.9 7.5
    endloop
  endfacet
  facet normal 0 1 0
    outer loop
      vertex -14.358918449461147 17.9 20.5
      vertex 14.358918449461147 17.9 20.5
      vertex 14.358918449461147 17.9 7.5
    endloop
  endfacet
  facet normal 0 0 1
    outer loop
      vertex -14.358918449461147 17.9 20.5
      vertex 11.7 8.7 20.5
      vertex 14.358918449461147 17.9 20.5
    endloop
  endfacet
  facet normal 1 0 0
    outer loop
      vertex 14.358918449461147 -17.9 20.5
      vertex 14.358918449461147 17.9 7.5
      vertex 14.358918449461147 17.9 20.5
    endloop
  endfacet
  facet normal 0 0 1
    outer loop
      vertex 14.358918449461147 17.9 20.5
      vertex 11.7 8.7 20.5
      vertex 11.7 -8.7 20.5
    endloop
  endfacet
  facet normal 0.8128466845916167 0 -0.5824776968678
    outer loop
      vertex -10.075587421698685 -15.9 7.7312701484107516
      vertex -10.075587421698685 -17.9 7.7312701484107516
      vertex -10.241313266380267 -17.9 7.5
    endloop
  endfacet
  facet normal 0.7730104533627373 0 -0.634393284163645
    outer loop
      vertex -10.075587421698685 -15.9 7.7312701484107516
      vertex -9.548365554983013 -17.9 8.373691851770873
      vertex -10.075587421698685 -17.9 7.7312701484107516
    endloop
  endfacet
  facet normal 0.8128466845916138 7.194511692358194e-16 -0.5824776968678043
    outer loop
      vertex -10.075587421698685 -15.9 7.7312701484107516
      vertex -10.241313266380267 -17.9 7.5
      vertex -10.241313266380269 -15.9 7.5
    endloop
  endfacet
  facet normal 0.7730104533627373 0 -0.634393284163645
    outer loop
      vertex -10.075587421698685 -15.9 7.7312701484107516
      vertex -9.548365554983013 -15.9 8.373691851770873
      vertex -9.548365554983013 -17.9 8.373691851770873
    endloop
  endfacet
  facet normal 0.7298640726978365 0 -0.6835923020228704
    outer loop
      vertex -9.548365554983013 -15.9 8.373691851770873
      vertex -8.980256121069154 -17.9 8.980256121069154
      vertex -9.548365554983013 -17.9 8.373691851770873
    endloop
  endfacet
  facet normal 0.7298640726978365 0 -0.6835923020228704
    outer loop
      vertex -9.548365554983013 -15.9 8.373691851770873
      vertex -8.980256121069154 -15.9 8.980256121069154
      vertex -8.980256121069154 -17.9 8.980256121069154
    endloop
  endfacet
  facet normal 0.6835923020228704 0 -0.7298640726978365
    outer loop
      vertex -8.980256121069154 -15.9 8.980256121069154
      vertex -8.373691851770873 -17.9 9.548365554983013
      vertex -8.980256121069154 -17.9 8.980256121069154
    endloop
  endfacet
  facet normal 0.634393284163645 0 -0.7730104533627373
    outer loop
      vertex -8.373691851770873 -15.9 9.548365554983013
      vertex -7.7312701484107516 -17.9 10.075587421698685
      vertex -8.373691851770873 -17.9 9.548365554983013
    endloop
  endfacet
  facet normal 0.6835923020228704 0 -0.7298640726978365
    outer loop
      vertex -8.980256121069154 -15.9 8.980256121069154
      vertex -8.373691851770873 -15.9 9.548365554983013
      vertex -8.373691851770873 -17.9 9.548365554983013
    endloop
  endfacet
  facet normal 0.634393284163645 0 -0.7730104533627373
    outer loop
      vertex -8.373691851770873 -15.9 9.548365554983013
      vertex -7.7312701484107516 -15.9 10.075587421698685
      vertex -7.7312701484107516 -17.9 10.075587421698685
    endloop
  endfacet
  facet normal 0.5824776968678025 0 -0.8128466845916149
    outer loop
      vertex -7.7312701484107516 -15.9 10.075587421698685
      vertex -7.055741959348947 -17.9 10.559664076242324
      vertex -7.7312701484107516 -17.9 10.075587421698685
    endloop
  endfacet
  facet normal 0.5824776968678025 0 -0.8128466845916149
    outer loop
      vertex -7.7312701484107516 -15.9 10.075587421698685
      vertex -7.055741959348947 -15.9 10.559664076242324
      vertex -7.055741959348947 -17.9 10.559664076242324
    endloop
  endfacet
  facet normal 0.8128466845916137 0 -0.5824776968678043
    outer loop
      vertex -10.075587421698685 -10.1 7.7312701484107516
      vertex -10.241313266380269 -10.1 7.5
      vertex -10.075587421698685 10.1 7.7312701484107516
    endloop
  endfacet
  facet normal 0.7730104533627373 0 -0.6343932841636452
    outer loop
      vertex -10.075587421698685 -10.1 7.7312701484107516
      vertex -9.548365554983013 10.1 8.373691851770873
      vertex -9.548365554983013 -10.1 8.373691851770873
    endloop
  endfacet
  facet normal 0.7298640726978364 0 -0.6835923020228704
    outer loop
      vertex -9.548365554983013 -10.1 8.373691851770873
      vertex -8.980256121069154 10.1 8.980256121069154
      vertex -8.980256121069154 -10.1 8.980256121069154
    endloop
  endfacet
  facet normal 0.6835923020228704 0 -0.7298640726978364
    outer loop
      vertex -8.980256121069154 -10.1 8.980256121069154
      vertex -8.373691851770873 10.1 9.548365554983013
      vertex -8.373691851770873 -10.1 9.548365554983013
    endloop
  endfacet
  facet normal 0.6343932841636452 0 -0.7730104533627373
    outer loop
      vertex -8.373691851770873 -10.1 9.548365554983013
      vertex -7.7312701484107516 10.1 10.075587421698685
      vertex -7.7312701484107516 -10.1 10.075587421698685
    endloop
  endfacet
  facet normal 0.5824776968678025 0 -0.8128466845916148
    outer loop
      vertex -7.7312701484107516 -10.1 10.075587421698685
      vertex -7.055741959348947 10.1 10.559664076242324
      vertex -7.055741959348947 -10.1 10.559664076242324
    endloop
  endfacet
  facet normal 0.5280678506503677 0 -0.8492021815265792
    outer loop
      vertex -7.055741959348947 -15.9 10.559664076242324
      vertex -6.35 -17.9 10.99852262806237
      vertex -7.055741959348947 -17.9 10.559664076242324
    endloop
  endfacet
  facet normal 0.5280678506503677 0 -0.8492021815265792
    outer loop
      vertex -7.055741959348947 -15.9 10.559664076242324
      vertex -6.35 -15.9 10.99852262806237
      vertex -6.35 -17.9 10.99852262806237
    endloop
  endfacet
  facet normal 0.47139673682599836 0 -0.8819212643483546
    outer loop
      vertex -6.35 -15.9 10.99852262806237
      vertex -5.617066365781316 -17.9 11.390283817465141
      vertex -6.35 -17.9 10.99852262806237
    endloop
  endfacet
  facet normal 0.47139673682599836 0 -0.8819212643483546
    outer loop
      vertex -6.35 -15.9 10.99852262806237
      vertex -5.617066365781316 -15.9 11.390283817465141
      vertex -5.617066365781316 -17.9 11.390283817465141
    endloop
  endfacet
  facet normal 0.4127070298043947 0 -0.9108638249211758
    outer loop
      vertex -5.617066365781316 -15.9 11.390283817465141
      vertex -4.86007959103664 -17.9 11.733270062893341
      vertex -5.617066365781316 -17.9 11.390283817465141
    endloop
  endfacet
  facet normal 0.35225004792123427 0 -0.9359059267573253
    outer loop
      vertex -4.86007959103664 -15.9 11.733270062893341
      vertex -4.0822812093501515 -17.9 12.026012644587842
      vertex -4.86007959103664 -17.9 11.733270062893341
    endloop
  endfacet
  facet normal 0.4127070298043947 0 -0.9108638249211758
    outer loop
      vertex -5.617066365781316 -15.9 11.390283817465141
      vertex -4.86007959103664 -15.9 11.733270062893341
      vertex -4.86007959103664 -17.9 11.733270062893341
    endloop
  endfacet
  facet normal 0.2902846772544622 0 -0.9569403357322089
    outer loop
      vertex -4.0822812093501515 -15.9 12.026012644587842
      vertex -3.2870018728020134 -17.9 12.267257993871167
      vertex -4.0822812093501515 -17.9 12.026012644587842
    endloop
  endfacet
  facet normal 0.35225004792123427 0 -0.9359059267573253
    outer loop
      vertex -4.86007959103664 -15.9 11.733270062893341
      vertex -4.0822812093501515 -15.9 12.026012644587842
      vertex -4.0822812093501515 -17.9 12.026012644587842
    endloop
  endfacet
  facet normal 0.22707626303437287 0 -0.9738769792773337
    outer loop
      vertex -3.2870018728020134 -15.9 12.267257993871167
      vertex -2.4776470896048286 -17.9 12.455973061121027
      vertex -3.2870018728020134 -17.9 12.267257993871167
    endloop
  endfacet
  facet normal 0.2902846772544622 0 -0.9569403357322089
    outer loop
      vertex -4.0822812093501515 -15.9 12.026012644587842
      vertex -3.2870018728020134 -15.9 12.267257993871167
      vertex -3.2870018728020134 -17.9 12.267257993871167
    endloop
  endfacet
  facet normal 0.22707626303437287 0 -0.9738769792773337
    outer loop
      vertex -3.2870018728020134 -15.9 12.267257993871167
      vertex -2.4776470896048286 -15.9 12.455973061121027
      vertex -2.4776470896048286 -17.9 12.455973061121027
    endloop
  endfacet
  facet normal 0.16289547339458793 0 -0.9866433320848792
    outer loop
      vertex -2.4776470896048286 -15.9 12.455973061121027
      vertex -1.6576826411946548 -17.9 12.591349739447391
      vertex -2.4776470896048286 -17.9 12.455973061121027
    endloop
  endfacet
  facet normal 0.16289547339458793 0 -0.9866433320848792
    outer loop
      vertex -2.4776470896048286 -15.9 12.455973061121027
      vertex -1.6576826411946548 -15.9 12.591349739447391
      vertex -1.6576826411946548 -17.9 12.591349739447391
    endloop
  endfacet
  facet normal 0.0980171403295608 0 -0.9951847266721968
    outer loop
      vertex -1.6576826411946548 -15.9 12.591349739447391
      vertex -0.8306197412228168 -17.9 12.672808325130264
      vertex -1.6576826411946548 -17.9 12.591349739447391
    endloop
  endfacet
  facet normal 0.0980171403295608 0 -0.9951847266721968
    outer loop
      vertex -1.6576826411946548 -15.9 12.591349739447391
      vertex -0.8306197412228168 -15.9 12.672808325130264
      vertex -0.8306197412228168 -17.9 12.672808325130264
    endloop
  endfacet
  facet normal 0.03271908282177607 0 -0.9994645874763657
    outer loop
      vertex -0.8306197412228168 -15.9 12.672808325130264
      vertex 0 -17.9 12.7
      vertex -0.8306197412228168 -17.9 12.672808325130264
    endloop
  endfacet
  facet normal 0.03271908282177607 0 -0.9994645874763657
    outer loop
      vertex -0.8306197412228168 -15.9 12.672808325130264
      vertex 0 -15.9 12.7
      vertex 0 -17.9 12.7
    endloop
  endfacet
  facet normal 0.5280678506503675 0 -0.849202181526579
    outer loop
      vertex -7.055741959348947 -10.1 10.559664076242324
      vertex -6.35 10.1 10.99852262806237
      vertex -6.35 -10.1 10.99852262806237
    endloop
  endfacet
  facet normal 0.4713967368259984 0 -0.8819212643483547
    outer loop
      vertex -6.35 -10.1 10.99852262806237
      vertex -5.617066365781316 10.1 11.390283817465141
      vertex -5.617066365781316 -10.1 11.390283817465141
    endloop
  endfacet
  facet normal 0.4127070298043947 0 -0.9108638249211758
    outer loop
      vertex -5.617066365781316 -10.1 11.390283817465141
      vertex -4.86007959103664 10.1 11.733270062893341
      vertex -4.86007959103664 -10.1 11.733270062893341
    endloop
  endfacet
  facet normal 0.35225004792123427 0 -0.9359059267573252
    outer loop
      vertex -4.86007959103664 -10.1 11.733270062893341
      vertex -4.0822812093501515 10.1 12.026012644587842
      vertex -4.0822812093501515 -10.1 12.026012644587842
    endloop
  endfacet
  facet normal 0.2902846772544622 0 -0.9569403357322089
    outer loop
      vertex -4.0822812093501515 -10.1 12.026012644587842
      vertex -3.2870018728020134 10.1 12.267257993871167
      vertex -3.2870018728020134 -10.1 12.267257993871167
    endloop
  endfacet
  facet normal 0.22707626303437292 0 -0.9738769792773337
    outer loop
      vertex -3.2870018728020134 -10.1 12.267257993871167
      vertex -2.4776470896048286 10.1 12.455973061121027
      vertex -2.4776470896048286 -10.1 12.455973061121027
    endloop
  endfacet
  facet normal 0.16289547339458788 0 -0.9866433320848791
    outer loop
      vertex -2.4776470896048286 -10.1 12.455973061121027
      vertex -1.6576826411946548 10.1 12.591349739447391
      vertex -1.6576826411946548 -10.1 12.591349739447391
    endloop
  endfacet
  facet normal 0.09801714032956081 0 -0.995184726672197
    outer loop
      vertex -1.6576826411946548 -10.1 12.591349739447391
      vertex -0.8306197412228168 10.1 12.672808325130264
      vertex -0.8306197412228168 -10.1 12.672808325130264
    endloop
  endfacet
  facet normal 0.03271908282177606 0 -0.9994645874763656
    outer loop
      vertex -0.8306197412228168 -10.1 12.672808325130264
      vertex 0 10.1 12.7
      vertex 0 -10.1 12.7
    endloop
  endfacet
  facet normal 0.8128466845916137 0 -0.5824776968678043
    outer loop
      vertex -10.075587421698685 10.1 7.7312701484107516
      vertex -10.241313266380269 -10.1 7.5
      vertex -10.241313266380269 10.1 7.5
    endloop
  endfacet
  facet normal 0.7730104533627373 0 -0.6343932841636452
    outer loop
      vertex -10.075587421698685 -10.1 7.7312701484107516
      vertex -10.075587421698685 10.1 7.7312701484107516
      vertex -9.548365554983013 10.1 8.373691851770873
    endloop
  endfacet
  facet normal 0.7298640726978364 0 -0.6835923020228704
    outer loop
      vertex -9.548365554983013 -10.1 8.373691851770873
      vertex -9.548365554983013 10.1 8.373691851770873
      vertex -8.980256121069154 10.1 8.980256121069154
    endloop
  endfacet
  facet normal 0.6835923020228704 0 -0.7298640726978364
    outer loop
      vertex -8.980256121069154 -10.1 8.980256121069154
      vertex -8.980256121069154 10.1 8.980256121069154
      vertex -8.373691851770873 10.1 9.548365554983013
    endloop
  endfacet
  facet normal 0.6343932841636452 0 -0.7730104533627373
    outer loop
      vertex -8.373691851770873 -10.1 9.548365554983013
      vertex -8.373691851770873 10.1 9.548365554983013
      vertex -7.7312701484107516 10.1 10.075587421698685
    endloop
  endfacet
  facet normal 0.5824776968678025 0 -0.8128466845916148
    outer loop
      vertex -7.7312701484107516 -10.1 10.075587421698685
      vertex -7.7312701484107516 10.1 10.075587421698685
      vertex -7.055741959348947 10.1 10.559664076242324
    endloop
  endfacet
  facet normal 0.8128466845916138 0 -0.5824776968678043
    outer loop
      vertex -10.075587421698685 15.9 7.7312701484107516
      vertex -10.241313266380269 15.9 7.5
      vertex -10.075587421698685 17.9 7.7312701484107516
    endloop
  endfacet
  facet normal 0.7730104533627373 0 -0.634393284163645
    outer loop
      vertex -10.075587421698685 15.9 7.7312701484107516
      vertex -10.075587421698685 17.9 7.7312701484107516
      vertex -9.548365554983013 15.9 8.373691851770873
    endloop
  endfacet
  facet normal 0.8128466845916138 0 -0.5824776968678043
    outer loop
      vertex -10.075587421698685 17.9 7.7312701484107516
      vertex -10.241313266380269 15.9 7.5
      vertex -10.241313266380269 17.9 7.5
    endloop
  endfacet
  facet normal 0.7730104533627373 0 -0.634393284163645
    outer loop
      vertex -9.548365554983013 15.9 8.373691851770873
      vertex -10.075587421698685 17.9 7.7312701484107516
      vertex -9.548365554983013 17.9 8.373691851770873
    endloop
  endfacet
  facet normal 0.7298640726978365 0 -0.6835923020228704
    outer loop
      vertex -9.548365554983013 15.9 8.373691851770873
      vertex -9.548365554983013 17.9 8.373691851770873
      vertex -8.980256121069154 15.9 8.980256121069154
    endloop
  endfacet
  facet normal 0.7298640726978365 0 -0.6835923020228704
    outer loop
      vertex -8.980256121069154 15.9 8.980256121069154
      vertex -9.548365554983013 17.9 8.373691851770873
      vertex -8.980256121069154 17.9 8.980256121069154
    endloop
  endfacet
  facet normal 0.6835923020228704 0 -0.7298640726978365
    outer loop
      vertex -8.980256121069154 15.9 8.980256121069154
      vertex -8.980256121069154 17.9 8.980256121069154
      vertex -8.373691851770873 15.9 9.548365554983013
    endloop
  endfacet
  facet normal 0.634393284163645 0 -0.7730104533627373
    outer loop
      vertex -8.373691851770873 15.9 9.548365554983013
      vertex -8.373691851770873 17.9 9.548365554983013
      vertex -7.7312701484107516 15.9 10.075587421698685
    endloop
  endfacet
  facet normal 0.6835923020228704 0 -0.7298640726978365
    outer loop
      vertex -8.373691851770873 15.9 9.548365554983013
      vertex -8.980256121069154 17.9 8.980256121069154
      vertex -8.373691851770873 17.9 9.548365554983013
    endloop
  endfacet
  facet normal 0.634393284163645 0 -0.7730104533627373
    outer loop
      vertex -7.7312701484107516 15.9 10.075587421698685
      vertex -8.373691851770873 17.9 9.548365554983013
      vertex -7.7312701484107516 17.9 10.075587421698685
    endloop
  endfacet
  facet normal 0.5824776968678025 0 -0.8128466845916149
    outer loop
      vertex -7.7312701484107516 15.9 10.075587421698685
      vertex -7.7312701484107516 17.9 10.075587421698685
      vertex -7.055741959348947 15.9 10.559664076242324
    endloop
  endfacet
  facet normal 0.5824776968678025 0 -0.8128466845916149
    outer loop
      vertex -7.055741959348947 15.9 10.559664076242324
      vertex -7.7312701484107516 17.9 10.075587421698685
      vertex -7.055741959348947 17.9 10.559664076242324
    endloop
  endfacet
  facet normal 0.5280678506503675 0 -0.849202181526579
    outer loop
      vertex -7.055741959348947 -10.1 10.559664076242324
      vertex -7.055741959348947 10.1 10.559664076242324
      vertex -6.35 10.1 10.99852262806237
    endloop
  endfacet
  facet normal 0.4713967368259984 0 -0.8819212643483547
    outer loop
      vertex -6.35 -10.1 10.99852262806237
      vertex -6.35 10.1 10.99852262806237
      vertex -5.617066365781316 10.1 11.390283817465141
    endloop
  endfacet
  facet normal 0.4127070298043947 0 -0.9108638249211758
    outer loop
      vertex -5.617066365781316 -10.1 11.390283817465141
      vertex -5.617066365781316 10.1 11.390283817465141
      vertex -4.86007959103664 10.1 11.733270062893341
    endloop
  endfacet
  facet normal 0.35225004792123427 0 -0.9359059267573252
    outer loop
      vertex -4.86007959103664 -10.1 11.733270062893341
      vertex -4.86007959103664 10.1 11.733270062893341
      vertex -4.0822812093501515 10.1 12.026012644587842
    endloop
  endfacet
  facet normal 0.2902846772544622 0 -0.9569403357322089
    outer loop
      vertex -4.0822812093501515 -10.1 12.026012644587842
      vertex -4.0822812093501515 10.1 12.026012644587842
      vertex -3.2870018728020134 10.1 12.267257993871167
    endloop
  endfacet
  facet normal 0.22707626303437292 0 -0.9738769792773337
    outer loop
      vertex -3.2870018728020134 -10.1 12.267257993871167
      vertex -3.2870018728020134 10.1 12.267257993871167
      vertex -2.4776470896048286 10.1 12.455973061121027
    endloop
  endfacet
  facet normal 0.16289547339458788 0 -0.9866433320848791
    outer loop
      vertex -2.4776470896048286 -10.1 12.455973061121027
      vertex -2.4776470896048286 10.1 12.455973061121027
      vertex -1.6576826411946548 10.1 12.591349739447391
    endloop
  endfacet
  facet normal 0.09801714032956081 0 -0.995184726672197
    outer loop
      vertex -1.6576826411946548 -10.1 12.591349739447391
      vertex -1.6576826411946548 10.1 12.591349739447391
      vertex -0.8306197412228168 10.1 12.672808325130264
    endloop
  endfacet
  facet normal 0.03271908282177606 0 -0.9994645874763656
    outer loop
      vertex -0.8306197412228168 -10.1 12.672808325130264
      vertex -0.8306197412228168 10.1 12.672808325130264
      vertex 0 10.1 12.7
    endloop
  endfacet
  facet normal 0.5280678506503677 0 -0.8492021815265792
    outer loop
      vertex -7.055741959348947 15.9 10.559664076242324
      vertex -7.055741959348947 17.9 10.559664076242324
      vertex -6.35 15.9 10.99852262806237
    endloop
  endfacet
  facet normal 0.5280678506503677 0 -0.8492021815265792
    outer loop
      vertex -6.35 15.9 10.99852262806237
      vertex -7.055741959348947 17.9 10.559664076242324
      vertex -6.35 17.9 10.99852262806237
    endloop
  endfacet
  facet normal 0.47139673682599836 0 -0.8819212643483546
    outer loop
      vertex -6.35 15.9 10.99852262806237
      vertex -6.35 17.9 10.99852262806237
      vertex -5.617066365781316 15.9 11.390283817465141
    endloop
  endfacet
  facet normal 0.47139673682599836 0 -0.8819212643483546
    outer loop
      vertex -5.617066365781316 15.9 11.390283817465141
      vertex -6.35 17.9 10.99852262806237
      vertex -5.617066365781316 17.9 11.390283817465141
    endloop
  endfacet
  facet normal 0.4127070298043947 0 -0.9108638249211758
    outer loop
      vertex -5.617066365781316 15.9 11.390283817465141
      vertex -5.617066365781316 17.9 11.390283817465141
      vertex -4.86007959103664 15.9 11.733270062893341
    endloop
  endfacet
  facet normal 0.35225004792123427 0 -0.9359059267573253
    outer loop
      vertex -4.86007959103664 15.9 11.733270062893341
      vertex -4.86007959103664 17.9 11.733270062893341
      vertex -4.0822812093501515 15.9 12.026012644587842
    endloop
  endfacet
  facet normal 0.4127070298043947 0 -0.9108638249211758
    outer loop
      vertex -4.86007959103664 15.9 11.733270062893341
      vertex -5.617066365781316 17.9 11.390283817465141
      vertex -4.86007959103664 17.9 11.733270062893341
    endloop
  endfacet
  facet normal 0.2902846772544622 0 -0.9569403357322089
    outer loop
      vertex -4.0822812093501515 15.9 12.026012644587842
      vertex -4.0822812093501515 17.9 12.026012644587842
      vertex -3.2870018728020134 15.9 12.267257993871167
    endloop
  endfacet
  facet normal 0.35225004792123427 0 -0.9359059267573253
    outer loop
      vertex -4.0822812093501515 15.9 12.026012644587842
      vertex -4.86007959103664 17.9 11.733270062893341
      vertex -4.0822812093501515 17.9 12.026012644587842
    endloop
  endfacet
  facet normal 0.22707626303437287 0 -0.9738769792773337
    outer loop
      vertex -3.2870018728020134 15.9 12.267257993871167
      vertex -3.2870018728020134 17.9 12.267257993871167
      vertex -2.4776470896048286 15.9 12.455973061121027
    endloop
  endfacet
  facet normal 0.2902846772544622 0 -0.9569403357322089
    outer loop
      vertex -3.2870018728020134 15.9 12.267257993871167
      vertex -4.0822812093501515 17.9 12.026012644587842
      vertex -3.2870018728020134 17.9 12.267257993871167
    endloop
  endfacet
  facet normal 0.22707626303437287 0 -0.9738769792773337
    outer loop
      vertex -2.4776470896048286 15.9 12.455973061121027
      vertex -3.2870018728020134 17.9 12.267257993871167
      vertex -2.4776470896048286 17.9 12.455973061121027
    endloop
  endfacet
  facet normal 0.16289547339458793 0 -0.9866433320848792
    outer loop
      vertex -2.4776470896048286 15.9 12.455973061121027
      vertex -2.4776470896048286 17.9 12.455973061121027
      vertex -1.6576826411946548 15.9 12.591349739447391
    endloop
  endfacet
  facet normal 0.16289547339458793 0 -0.9866433320848792
    outer loop
      vertex -1.6576826411946548 15.9 12.591349739447391
      vertex -2.4776470896048286 17.9 12.455973061121027
      vertex -1.6576826411946548 17.9 12.591349739447391
    endloop
  endfacet
  facet normal 0.0980171403295608 0 -0.9951847266721968
    outer loop
      vertex -1.6576826411946548 15.9 12.591349739447391
      vertex -1.6576826411946548 17.9 12.591349739447391
      vertex -0.8306197412228168 15.9 12.672808325130264
    endloop
  endfacet
  facet normal 0.0980171403295608 0 -0.9951847266721968
    outer loop
      vertex -0.8306197412228168 15.9 12.672808325130264
      vertex -1.6576826411946548 17.9 12.591349739447391
      vertex -0.8306197412228168 17.9 12.672808325130264
    endloop
  endfacet
  facet normal 0.03271908282177607 0 -0.9994645874763657
    outer loop
      vertex -0.8306197412228168 15.9 12.672808325130264
      vertex -0.8306197412228168 17.9 12.672808325130264
      vertex 0 15.9 12.7
    endloop
  endfacet
  facet normal 0.03271908282177607 0 -0.9994645874763657
    outer loop
      vertex 0 15.9 12.7
      vertex -0.8306197412228168 17.9 12.672808325130264
      vertex 0 17.9 12.7
    endloop
  endfacet
  facet normal -0.5280678506503677 0 -0.8492021815265792
    outer loop
      vertex 6.35 -15.9 10.99852262806237
      vertex 7.055741959348947 -15.9 10.559664076242324
      vertex 7.055741959348947 -17.9 10.559664076242324
    endloop
  endfacet
  facet normal -0.2902846772544622 0 -0.9569403357322089
    outer loop
      vertex 3.2870018728020134 -15.9 12.267257993871167
      vertex 4.0822812093501515 -17.9 12.026012644587842
      vertex 3.2870018728020134 -17.9 12.267257993871167
    endloop
  endfacet
  facet normal -0.22707626303437287 0 -0.9738769792773337
    outer loop
      vertex 2.4776470896048286 -15.9 12.455973061121027
      vertex 3.2870018728020134 -15.9 12.267257993871167
      vertex 3.2870018728020134 -17.9 12.267257993871167
    endloop
  endfacet
  facet normal -0.03271908282177607 0 -0.9994645874763657
    outer loop
      vertex 0 -15.9 12.7
      vertex 0.8306197412228168 -17.9 12.672808325130264
      vertex 0 -17.9 12.7
    endloop
  endfacet
  facet normal -0.03271908282177607 0 -0.9994645874763657
    outer loop
      vertex 0 -15.9 12.7
      vertex 0.8306197412228168 -15.9 12.672808325130264
      vertex 0.8306197412228168 -17.9 12.672808325130264
    endloop
  endfacet
  facet normal -0.0980171403295608 0 -0.9951847266721968
    outer loop
      vertex 0.8306197412228168 -15.9 12.672808325130264
      vertex 1.6576826411946548 -17.9 12.591349739447391
      vertex 0.8306197412228168 -17.9 12.672808325130264
    endloop
  endfacet
  facet normal -0.0980171403295608 0 -0.9951847266721968
    outer loop
      vertex 0.8306197412228168 -15.9 12.672808325130264
      vertex 1.6576826411946548 -15.9 12.591349739447391
      vertex 1.6576826411946548 -17.9 12.591349739447391
    endloop
  endfacet
  facet normal -0.16289547339458793 0 -0.9866433320848792
    outer loop
      vertex 1.6576826411946548 -15.9 12.591349739447391
      vertex 2.4776470896048286 -17.9 12.455973061121027
      vertex 1.6576826411946548 -17.9 12.591349739447391
    endloop
  endfacet
  facet normal -0.16289547339458793 0 -0.9866433320848792
    outer loop
      vertex 1.6576826411946548 -15.9 12.591349739447391
      vertex 2.4776470896048286 -15.9 12.455973061121027
      vertex 2.4776470896048286 -17.9 12.455973061121027
    endloop
  endfacet
  facet normal -0.22707626303437287 0 -0.9738769792773337
    outer loop
      vertex 2.4776470896048286 -15.9 12.455973061121027
      vertex 3.2870018728020134 -17.9 12.267257993871167
      vertex 2.4776470896048286 -17.9 12.455973061121027
    endloop
  endfacet
  facet normal -0.4127070298043947 0 -0.9108638249211758
    outer loop
      vertex 5.617066365781316 -15.9 11.390283817465141
      vertex 5.617066365781316 -17.9 11.390283817465141
      vertex 4.86007959103664 -15.9 11.733270062893341
    endloop
  endfacet
  facet normal -0.35225004792123427 0 -0.9359059267573253
    outer loop
      vertex 4.0822812093501515 -15.9 12.026012644587842
      vertex 4.86007959103664 -17.9 11.733270062893341
      vertex 4.0822812093501515 -17.9 12.026012644587842
    endloop
  endfacet
  facet normal -0.2902846772544622 0 -0.9569403357322089
    outer loop
      vertex 3.2870018728020134 -15.9 12.267257993871167
      vertex 4.0822812093501515 -15.9 12.026012644587842
      vertex 4.0822812093501515 -17.9 12.026012644587842
    endloop
  endfacet
  facet normal -0.4127070298043947 0 -0.9108638249211758
    outer loop
      vertex 4.86007959103664 -15.9 11.733270062893341
      vertex 5.617066365781316 -17.9 11.390283817465141
      vertex 4.86007959103664 -17.9 11.733270062893341
    endloop
  endfacet
  facet normal -0.35225004792123427 0 -0.9359059267573253
    outer loop
      vertex 4.0822812093501515 -15.9 12.026012644587842
      vertex 4.86007959103664 -15.9 11.733270062893341
      vertex 4.86007959103664 -17.9 11.733270062893341
    endloop
  endfacet
  facet normal -0.47139673682599836 0 -0.8819212643483546
    outer loop
      vertex 5.617066365781316 -15.9 11.390283817465141
      vertex 6.35 -17.9 10.99852262806237
      vertex 5.617066365781316 -17.9 11.390283817465141
    endloop
  endfacet
  facet normal -0.47139673682599836 0 -0.8819212643483546
    outer loop
      vertex 5.617066365781316 -15.9 11.390283817465141
      vertex 6.35 -15.9 10.99852262806237
      vertex 6.35 -17.9 10.99852262806237
    endloop
  endfacet
  facet normal -0.5280678506503677 0 -0.8492021815265792
    outer loop
      vertex 6.35 -15.9 10.99852262806237
      vertex 7.055741959348947 -17.9 10.559664076242324
      vertex 6.35 -17.9 10.99852262806237
    endloop
  endfacet
  facet normal -0.5280678506503675 0 -0.849202181526579
    outer loop
      vertex 6.35 -10.1 10.99852262806237
      vertex 7.055741959348947 10.1 10.559664076242324
      vertex 7.055741959348947 -10.1 10.559664076242324
    endloop
  endfacet
  facet normal -0.22707626303437292 0 -0.9738769792773337
    outer loop
      vertex 2.4776470896048286 -10.1 12.455973061121027
      vertex 3.2870018728020134 10.1 12.267257993871167
      vertex 3.2870018728020134 -10.1 12.267257993871167
    endloop
  endfacet
  facet normal -0.03271908282177606 0 -0.9994645874763656
    outer loop
      vertex 0 -10.1 12.7
      vertex 0.8306197412228168 10.1 12.672808325130264
      vertex 0.8306197412228168 -10.1 12.672808325130264
    endloop
  endfacet
  facet normal -0.09801714032956081 0 -0.995184726672197
    outer loop
      vertex 0.8306197412228168 -10.1 12.672808325130264
      vertex 1.6576826411946548 10.1 12.591349739447391
      vertex 1.6576826411946548 -10.1 12.591349739447391
    endloop
  endfacet
  facet normal -0.16289547339458788 0 -0.9866433320848791
    outer loop
      vertex 1.6576826411946548 -10.1 12.591349739447391
      vertex 2.4776470896048286 10.1 12.455973061121027
      vertex 2.4776470896048286 -10.1 12.455973061121027
    endloop
  endfacet
  facet normal -0.4127070298043947 0 -0.9108638249211758
    outer loop
      vertex 5.617066365781316 -10.1 11.390283817465141
      vertex 4.86007959103664 -10.1 11.733270062893341
      vertex 5.617066365781316 10.1 11.390283817465141
    endloop
  endfacet
  facet normal -0.2902846772544622 0 -0.9569403357322089
    outer loop
      vertex 3.2870018728020134 -10.1 12.267257993871167
      vertex 4.0822812093501515 10.1 12.026012644587842
      vertex 4.0822812093501515 -10.1 12.026012644587842
    endloop
  endfacet
  facet normal -0.35225004792123427 0 -0.9359059267573252
    outer loop
      vertex 4.0822812093501515 -10.1 12.026012644587842
      vertex 4.86007959103664 10.1 11.733270062893341
      vertex 4.86007959103664 -10.1 11.733270062893341
    endloop
  endfacet
  facet normal -0.4713967368259984 0 -0.8819212643483547
    outer loop
      vertex 5.617066365781316 -10.1 11.390283817465141
      vertex 6.35 10.1 10.99852262806237
      vertex 6.35 -10.1 10.99852262806237
    endloop
  endfacet
  facet normal -0.7730104533627373 0 -0.634393284163645
    outer loop
      vertex 9.548365554983013 -15.9 8.373691851770873
      vertex 10.075587421698685 -17.9 7.7312701484107516
      vertex 9.548365554983013 -17.9 8.373691851770873
    endloop
  endfacet
  facet normal -0.8128466845916138 0 -0.5824776968678043
    outer loop
      vertex 10.075587421698685 -17.9 7.7312701484107516
      vertex 10.241313266380269 -15.9 7.5
      vertex 10.241313266380269 -17.9 7.5
    endloop
  endfacet
  facet normal -0.8128466845916138 0 -0.5824776968678043
    outer loop
      vertex 10.075587421698685 -15.9 7.7312701484107516
      vertex 10.241313266380269 -15.9 7.5
      vertex 10.075587421698685 -17.9 7.7312701484107516
    endloop
  endfacet
  facet normal -0.7730104533627373 0 -0.634393284163645
    outer loop
      vertex 10.075587421698685 -15.9 7.7312701484107516
      vertex 10.075587421698685 -17.9 7.7312701484107516
      vertex 9.548365554983013 -15.9 8.373691851770873
    endloop
  endfacet
  facet normal -0.7298640726978365 0 -0.6835923020228704
    outer loop
      vertex 8.980256121069154 -15.9 8.980256121069154
      vertex 9.548365554983013 -17.9 8.373691851770873
      vertex 8.980256121069154 -17.9 8.980256121069154
    endloop
  endfacet
  facet normal -0.7298640726978365 0 -0.6835923020228704
    outer loop
      vertex 8.980256121069154 -15.9 8.980256121069154
      vertex 9.548365554983013 -15.9 8.373691851770873
      vertex 9.548365554983013 -17.9 8.373691851770873
    endloop
  endfacet
  facet normal -0.634393284163645 0 -0.7730104533627373
    outer loop
      vertex 7.7312701484107516 -15.9 10.075587421698685
      vertex 8.373691851770873 -17.9 9.548365554983013
      vertex 7.7312701484107516 -17.9 10.075587421698685
    endloop
  endfacet
  facet normal -0.6835923020228704 0 -0.7298640726978365
    outer loop
      vertex 8.373691851770873 -15.9 9.548365554983013
      vertex 8.980256121069154 -17.9 8.980256121069154
      vertex 8.373691851770873 -17.9 9.548365554983013
    endloop
  endfacet
  facet normal -0.6835923020228704 0 -0.7298640726978365
    outer loop
      vertex 8.980256121069154 -15.9 8.980256121069154
      vertex 8.980256121069154 -17.9 8.980256121069154
      vertex 8.373691851770873 -15.9 9.548365554983013
    endloop
  endfacet
  facet normal -0.634393284163645 0 -0.7730104533627373
    outer loop
      vertex 7.7312701484107516 -15.9 10.075587421698685
      vertex 8.373691851770873 -15.9 9.548365554983013
      vertex 8.373691851770873 -17.9 9.548365554983013
    endloop
  endfacet
  facet normal -0.5824776968678025 0 -0.8128466845916149
    outer loop
      vertex 7.055741959348947 -15.9 10.559664076242324
      vertex 7.7312701484107516 -17.9 10.075587421698685
      vertex 7.055741959348947 -17.9 10.559664076242324
    endloop
  endfacet
  facet normal -0.5824776968678025 0 -0.8128466845916149
    outer loop
      vertex 7.055741959348947 -15.9 10.559664076242324
      vertex 7.7312701484107516 -15.9 10.075587421698685
      vertex 7.7312701484107516 -17.9 10.075587421698685
    endloop
  endfacet
  facet normal -0.8128466845916137 0 -0.5824776968678043
    outer loop
      vertex 10.075587421698685 -10.1 7.7312701484107516
      vertex 10.241313266380269 10.1 7.5
      vertex 10.241313266380269 -10.1 7.5
    endloop
  endfacet
  facet normal -0.7730104533627373 0 -0.6343932841636452
    outer loop
      vertex 10.075587421698685 -10.1 7.7312701484107516
      vertex 9.548365554983013 -10.1 8.373691851770873
      vertex 10.075587421698685 10.1 7.7312701484107516
    endloop
  endfacet
  facet normal -0.7298640726978364 0 -0.6835923020228704
    outer loop
      vertex 8.980256121069154 -10.1 8.980256121069154
      vertex 9.548365554983013 10.1 8.373691851770873
      vertex 9.548365554983013 -10.1 8.373691851770873
    endloop
  endfacet
  facet normal -0.6835923020228704 0 -0.7298640726978364
    outer loop
      vertex 8.980256121069154 -10.1 8.980256121069154
      vertex 8.373691851770873 -10.1 9.548365554983013
      vertex 8.980256121069154 10.1 8.980256121069154
    endloop
  endfacet
  facet normal -0.6343932841636452 0 -0.7730104533627373
    outer loop
      vertex 7.7312701484107516 -10.1 10.075587421698685
      vertex 8.373691851770873 10.1 9.548365554983013
      vertex 8.373691851770873 -10.1 9.548365554983013
    endloop
  endfacet
  facet normal -0.5824776968678025 0 -0.8128466845916148
    outer loop
      vertex 7.055741959348947 -10.1 10.559664076242324
      vertex 7.7312701484107516 10.1 10.075587421698685
      vertex 7.7312701484107516 -10.1 10.075587421698685
    endloop
  endfacet
  facet normal -0.2902846772544622 0 -0.9569403357322089
    outer loop
      vertex 3.2870018728020134 -10.1 12.267257993871167
      vertex 3.2870018728020134 10.1 12.267257993871167
      vertex 4.0822812093501515 10.1 12.026012644587842
    endloop
  endfacet
  facet normal -0.03271908282177606 0 -0.9994645874763656
    outer loop
      vertex 0 -10.1 12.7
      vertex 0 10.1 12.7
      vertex 0.8306197412228168 10.1 12.672808325130264
    endloop
  endfacet
  facet normal -0.09801714032956081 0 -0.995184726672197
    outer loop
      vertex 0.8306197412228168 -10.1 12.672808325130264
      vertex 0.8306197412228168 10.1 12.672808325130264
      vertex 1.6576826411946548 10.1 12.591349739447391
    endloop
  endfacet
  facet normal -0.16289547339458788 0 -0.9866433320848791
    outer loop
      vertex 1.6576826411946548 -10.1 12.591349739447391
      vertex 1.6576826411946548 10.1 12.591349739447391
      vertex 2.4776470896048286 10.1 12.455973061121027
    endloop
  endfacet
  facet normal -0.22707626303437292 0 -0.9738769792773337
    outer loop
      vertex 2.4776470896048286 -10.1 12.455973061121027
      vertex 2.4776470896048286 10.1 12.455973061121027
      vertex 3.2870018728020134 10.1 12.267257993871167
    endloop
  endfacet
  facet normal -0.35225004792123427 0 -0.9359059267573252
    outer loop
      vertex 4.0822812093501515 -10.1 12.026012644587842
      vertex 4.0822812093501515 10.1 12.026012644587842
      vertex 4.86007959103664 10.1 11.733270062893341
    endloop
  endfacet
  facet normal -0.4127070298043947 0 -0.9108638249211758
    outer loop
      vertex 4.86007959103664 -10.1 11.733270062893341
      vertex 4.86007959103664 10.1 11.733270062893341
      vertex 5.617066365781316 10.1 11.390283817465141
    endloop
  endfacet
  facet normal -0.4713967368259984 0 -0.8819212643483547
    outer loop
      vertex 5.617066365781316 -10.1 11.390283817465141
      vertex 5.617066365781316 10.1 11.390283817465141
      vertex 6.35 10.1 10.99852262806237
    endloop
  endfacet
  facet normal -0.5280678506503675 0 -0.849202181526579
    outer loop
      vertex 6.35 -10.1 10.99852262806237
      vertex 6.35 10.1 10.99852262806237
      vertex 7.055741959348947 10.1 10.559664076242324
    endloop
  endfacet
  facet normal -0.5280678506503677 0 -0.8492021815265792
    outer loop
      vertex 7.055741959348947 15.9 10.559664076242324
      vertex 6.35 17.9 10.99852262806237
      vertex 7.055741959348947 17.9 10.559664076242324
    endloop
  endfacet
  facet normal -0.2902846772544622 0 -0.9569403357322089
    outer loop
      vertex 3.2870018728020134 15.9 12.267257993871167
      vertex 3.2870018728020134 17.9 12.267257993871167
      vertex 4.0822812093501515 15.9 12.026012644587842
    endloop
  endfacet
  facet normal -0.22707626303437287 0 -0.9738769792773337
    outer loop
      vertex 3.2870018728020134 15.9 12.267257993871167
      vertex 2.4776470896048286 17.9 12.455973061121027
      vertex 3.2870018728020134 17.9 12.267257993871167
    endloop
  endfacet
  facet normal -0.03271908282177607 0 -0.9994645874763657
    outer loop
      vertex 0 15.9 12.7
      vertex 0 17.9 12.7
      vertex 0.8306197412228168 15.9 12.672808325130264
    endloop
  endfacet
  facet normal -0.03271908282177607 0 -0.9994645874763657
    outer loop
      vertex 0.8306197412228168 15.9 12.672808325130264
      vertex 0 17.9 12.7
      vertex 0.8306197412228168 17.9 12.672808325130264
    endloop
  endfacet
  facet normal -0.0980171403295608 0 -0.9951847266721968
    outer loop
      vertex 0.8306197412228168 15.9 12.672808325130264
      vertex 0.8306197412228168 17.9 12.672808325130264
      vertex 1.6576826411946548 15.9 12.591349739447391
    endloop
  endfacet
  facet normal -0.0980171403295608 0 -0.9951847266721968
    outer loop
      vertex 1.6576826411946548 15.9 12.591349739447391
      vertex 0.8306197412228168 17.9 12.672808325130264
      vertex 1.6576826411946548 17.9 12.591349739447391
    endloop
  endfacet
  facet normal -0.16289547339458793 0 -0.9866433320848792
    outer loop
      vertex 1.6576826411946548 15.9 12.591349739447391
      vertex 1.6576826411946548 17.9 12.591349739447391
      vertex 2.4776470896048286 15.9 12.455973061121027
    endloop
  endfacet
  facet normal -0.16289547339458793 0 -0.9866433320848792
    outer loop
      vertex 2.4776470896048286 15.9 12.455973061121027
      vertex 1.6576826411946548 17.9 12.591349739447391
      vertex 2.4776470896048286 17.9 12.455973061121027
    endloop
  endfacet
  facet normal -0.22707626303437287 0 -0.9738769792773337
    outer loop
      vertex 2.4776470896048286 15.9 12.455973061121027
      vertex 2.4776470896048286 17.9 12.455973061121027
      vertex 3.2870018728020134 15.9 12.267257993871167
    endloop
  endfacet
  facet normal -0.4127070298043947 0 -0.9108638249211758
    outer loop
      vertex 5.617066365781316 15.9 11.390283817465141
      vertex 4.86007959103664 17.9 11.733270062893341
      vertex 5.617066365781316 17.9 11.390283817465141
    endloop
  endfacet
  facet normal -0.35225004792123427 0 -0.9359059267573253
    outer loop
      vertex 4.0822812093501515 15.9 12.026012644587842
      vertex 4.0822812093501515 17.9 12.026012644587842
      vertex 4.86007959103664 15.9 11.733270062893341
    endloop
  endfacet
  facet normal -0.2902846772544622 0 -0.9569403357322089
    outer loop
      vertex 4.0822812093501515 15.9 12.026012644587842
      vertex 3.2870018728020134 17.9 12.267257993871167
      vertex 4.0822812093501515 17.9 12.026012644587842
    endloop
  endfacet
  facet normal -0.4127070298043947 0 -0.9108638249211758
    outer loop
      vertex 5.617066365781316 15.9 11.390283817465141
      vertex 4.86007959103664 15.9 11.733270062893341
      vertex 4.86007959103664 17.9 11.733270062893341
    endloop
  endfacet
  facet normal -0.35225004792123427 0 -0.9359059267573253
    outer loop
      vertex 4.86007959103664 15.9 11.733270062893341
      vertex 4.0822812093501515 17.9 12.026012644587842
      vertex 4.86007959103664 17.9 11.733270062893341
    endloop
  endfacet
  facet normal -0.47139673682599836 0 -0.8819212643483546
    outer loop
      vertex 5.617066365781316 15.9 11.390283817465141
      vertex 5.617066365781316 17.9 11.390283817465141
      vertex 6.35 15.9 10.99852262806237
    endloop
  endfacet
  facet normal -0.47139673682599836 0 -0.8819212643483546
    outer loop
      vertex 6.35 15.9 10.99852262806237
      vertex 5.617066365781316 17.9 11.390283817465141
      vertex 6.35 17.9 10.99852262806237
    endloop
  endfacet
  facet normal -0.5280678506503677 0 -0.8492021815265792
    outer loop
      vertex 6.35 15.9 10.99852262806237
      vertex 6.35 17.9 10.99852262806237
      vertex 7.055741959348947 15.9 10.559664076242324
    endloop
  endfacet
  facet normal -0.7730104533627373 0 -0.6343932841636452
    outer loop
      vertex 9.548365554983013 -10.1 8.373691851770873
      vertex 9.548365554983013 10.1 8.373691851770873
      vertex 10.075587421698685 10.1 7.7312701484107516
    endloop
  endfacet
  facet normal -0.8128466845916137 0 -0.5824776968678043
    outer loop
      vertex 10.075587421698685 -10.1 7.7312701484107516
      vertex 10.075587421698685 10.1 7.7312701484107516
      vertex 10.241313266380269 10.1 7.5
    endloop
  endfacet
  facet normal -0.7298640726978364 0 -0.6835923020228704
    outer loop
      vertex 8.980256121069154 -10.1 8.980256121069154
      vertex 8.980256121069154 10.1 8.980256121069154
      vertex 9.548365554983013 10.1 8.373691851770873
    endloop
  endfacet
  facet normal -0.6343932841636452 0 -0.7730104533627373
    outer loop
      vertex 7.7312701484107516 -10.1 10.075587421698685
      vertex 7.7312701484107516 10.1 10.075587421698685
      vertex 8.373691851770873 10.1 9.548365554983013
    endloop
  endfacet
  facet normal -0.6835923020228704 0 -0.7298640726978364
    outer loop
      vertex 8.373691851770873 -10.1 9.548365554983013
      vertex 8.373691851770873 10.1 9.548365554983013
      vertex 8.980256121069154 10.1 8.980256121069154
    endloop
  endfacet
  facet normal -0.5824776968678025 0 -0.8128466845916148
    outer loop
      vertex 7.055741959348947 -10.1 10.559664076242324
      vertex 7.055741959348947 10.1 10.559664076242324
      vertex 7.7312701484107516 10.1 10.075587421698685
    endloop
  endfacet
  facet normal -0.7730104533627373 0 -0.634393284163645
    outer loop
      vertex 10.075587421698685 15.9 7.7312701484107516
      vertex 9.548365554983013 15.9 8.373691851770873
      vertex 9.548365554983013 17.9 8.373691851770873
    endloop
  endfacet
  facet normal -0.8128466845916138 -7.194511692358194e-16 -0.5824776968678043
    outer loop
      vertex 10.075587421698685 15.9 7.7312701484107516
      vertex 10.241313266380267 17.9 7.5
      vertex 10.241313266380269 15.9 7.5
    endloop
  endfacet
  facet normal -0.8128466845916167 0 -0.5824776968678
    outer loop
      vertex 10.075587421698685 15.9 7.7312701484107516
      vertex 10.075587421698685 17.9 7.7312701484107516
      vertex 10.241313266380267 17.9 7.5
    endloop
  endfacet
  facet normal -0.7730104533627373 0 -0.634393284163645
    outer loop
      vertex 10.075587421698685 15.9 7.7312701484107516
      vertex 9.548365554983013 17.9 8.373691851770873
      vertex 10.075587421698685 17.9 7.7312701484107516
    endloop
  endfacet
  facet normal -0.7298640726978365 0 -0.6835923020228704
    outer loop
      vertex 8.980256121069154 15.9 8.980256121069154
      vertex 8.980256121069154 17.9 8.980256121069154
      vertex 9.548365554983013 15.9 8.373691851770873
    endloop
  endfacet
  facet normal -0.7298640726978365 0 -0.6835923020228704
    outer loop
      vertex 9.548365554983013 15.9 8.373691851770873
      vertex 8.980256121069154 17.9 8.980256121069154
      vertex 9.548365554983013 17.9 8.373691851770873
    endloop
  endfacet
  facet normal -0.634393284163645 0 -0.7730104533627373
    outer loop
      vertex 7.7312701484107516 15.9 10.075587421698685
      vertex 7.7312701484107516 17.9 10.075587421698685
      vertex 8.373691851770873 15.9 9.548365554983013
    endloop
  endfacet
  facet normal -0.6835923020228704 0 -0.7298640726978365
    outer loop
      vertex 8.980256121069154 15.9 8.980256121069154
      vertex 8.373691851770873 15.9 9.548365554983013
      vertex 8.373691851770873 17.9 9.548365554983013
    endloop
  endfacet
  facet normal -0.6835923020228704 0 -0.7298640726978365
    outer loop
      vertex 8.980256121069154 15.9 8.980256121069154
      vertex 8.373691851770873 17.9 9.548365554983013
      vertex 8.980256121069154 17.9 8.980256121069154
    endloop
  endfacet
  facet normal -0.634393284163645 0 -0.7730104533627373
    outer loop
      vertex 8.373691851770873 15.9 9.548365554983013
      vertex 7.7312701484107516 17.9 10.075587421698685
      vertex 8.373691851770873 17.9 9.548365554983013
    endloop
  endfacet
  facet normal -0.5824776968678025 0 -0.8128466845916149
    outer loop
      vertex 7.055741959348947 15.9 10.559664076242324
      vertex 7.055741959348947 17.9 10.559664076242324
      vertex 7.7312701484107516 15.9 10.075587421698685
    endloop
  endfacet
  facet normal -0.5824776968678025 0 -0.8128466845916149
    outer loop
      vertex 7.7312701484107516 15.9 10.075587421698685
      vertex 7.055741959348947 17.9 10.559664076242324
      vertex 7.7312701484107516 17.9 10.075587421698685
    endloop
  endfacet
  facet normal 1 0 0
    outer loop
      vertex -10.7 -7.7 14.7
      vertex -10.7 7.7 14.7
      vertex -10.7 -7.7 19
    endloop
  endfacet
  facet normal 0 1 0
    outer loop
      vertex -10.7 -7.7 14.7
      vertex -10.7 -7.7 19
      vertex -3.5 -7.7 19
    endloop
  endfacet
  facet normal 0 1 0
    outer loop
      vertex -10.7 -7.7 14.7
      vertex -3.5 -7.7 19
      vertex -3.5 -7.7 16.3
    endloop
  endfacet
  facet normal 0 1 0
    outer loop
      vertex -10.7 -7.7 14.7
      vertex -3.5 -7.7 16.3
      vertex 3.5 -7.7 16.3
    endloop
  endfacet
  facet normal 1 0 0
    outer loop
      vertex -10.7 -7.7 19
      vertex -10.7 7.7 14.7
      vertex -10.7 7.7 19
    endloop
  endfacet
  facet normal 0 0 1
    outer loop
      vertex -10.7 -7.7 14.7
      vertex 10.7 7.7 14.7
      vertex -10.7 7.7 14.7
    endloop
  endfacet
  facet normal 0 -1 0
    outer loop
      vertex -10.7 7.7 14.7
      vertex 10.7 7.7 14.7
      vertex -10.7 7.7 19
    endloop
  endfacet
  facet normal 0 1 0
    outer loop
      vertex -10.7 -7.7 14.7
      vertex 3.5 -7.7 16.3
      vertex 10.7 -7.7 14.7
    endloop
  endfacet
  facet normal 0 0 1
    outer loop
      vertex -10.7 -7.7 14.7
      vertex 10.7 -7.7 14.7
      vertex 10.7 7.7 14.7
    endloop
  endfacet
  facet normal 0 1 0
    outer loop
      vertex 3.5 -7.7 16.3
      vertex 3.5 -7.7 19
      vertex 10.7 -7.7 19
    endloop
  endfacet
  facet normal 0 1 0
    outer loop
      vertex 3.5 -7.7 16.3
      vertex 10.7 -7.7 19
      vertex 10.7 -7.7 14.7
    endloop
  endfacet
  facet normal -1 0 0
    outer loop
      vertex 10.7 -7.7 14.7
      vertex 10.7 -7.7 19
      vertex 10.7 7.7 19
    endloop
  endfacet
  facet normal 0 -1 0
    outer loop
      vertex -10.7 7.7 19
      vertex 10.7 7.7 14.7
      vertex 10.7 7.7 19
    endloop
  endfacet
  facet normal -1 0 0
    outer loop
      vertex 10.7 -7.7 14.7
      vertex 10.7 7.7 19
      vertex 10.7 7.7 14.7
    endloop
  endfacet
  facet normal 0 0 1
    outer loop
      vertex -11.7 -8.7 19
      vertex -10.7 -7.7 19
      vertex -10.7 7.7 19
    endloop
  endfacet
  facet normal 1 0 0
    outer loop
      vertex -11.7 -8.7 19
      vertex -11.7 8.7 20.5
      vertex -11.7 -8.7 20.5
    endloop
  endfacet
  facet normal 0 0 1
    outer loop
      vertex -11.7 -8.7 19
      vertex -3.5 -7.7 19
      vertex -10.7 -7.7 19
    endloop
  endfacet
  facet normal 0 1 0
    outer loop
      vertex -11.7 -8.7 19
      vertex -11.7 -8.7 20.5
      vertex -3.5 -8.7 19
    endloop
  endfacet
  facet normal 0 0 1
    outer loop
      vertex -11.7 -8.7 19
      vertex -3.5 -8.7 19
      vertex -3.5 -7.7 19
    endloop
  endfacet
  facet normal 0 1 0
    outer loop
      vertex -3.5 -8.7 19
      vertex -11.7 -8.7 20.5
      vertex -3.5 -8.7 20.5
    endloop
  endfacet
  facet normal 1 0 0
    outer loop
      vertex -11.7 -8.7 19
      vertex -11.7 8.7 19
      vertex -11.7 8.7 20.5
    endloop
  endfacet
  facet normal 0 0 1
    outer loop
      vertex -11.7 -8.7 19
      vertex -10.7 7.7 19
      vertex -11.7 8.7 19
    endloop
  endfacet
  facet normal 0 -1 0
    outer loop
      vertex -11.7 8.7 19
      vertex 11.7 8.7 20.5
      vertex -11.7 8.7 20.5
    endloop
  endfacet
  facet normal 0 0 1
    outer loop
      vertex -11.7 8.7 19
      vertex -10.7 7.7 19
      vertex 11.7 8.7 19
    endloop
  endfacet
  facet normal 0 0 1
    outer loop
      vertex 3.5 -8.7 19
      vertex 10.7 -7.7 19
      vertex 3.5 -7.7 19
    endloop
  endfacet
  facet normal 0 1 0
    outer loop
      vertex 3.5 -8.7 19
      vertex 3.5 -8.7 20.5
      vertex 11.7 -8.7 19
    endloop
  endfacet
  facet normal 0 0 1
    outer loop
      vertex 3.5 -8.7 19
      vertex 11.7 -8.7 19
      vertex 10.7 -7.7 19
    endloop
  endfacet
  facet normal 0 1 0
    outer loop
      vertex 11.7 -8.7 19
      vertex 3.5 -8.7 20.5
      vertex 11.7 -8.7 20.5
    endloop
  endfacet
  facet normal 0 0 1
    outer loop
      vertex 10.7 -7.7 19
      vertex 11.7 -8.7 19
      vertex 10.7 7.7 19
    endloop
  endfacet
  facet normal -1 0 0
    outer loop
      vertex 11.7 -8.7 19
      vertex 11.7 -8.7 20.5
      vertex 11.7 8.7 19
    endloop
  endfacet
  facet normal 0 0 1
    outer loop
      vertex -10.7 7.7 19
      vertex 10.7 7.7 19
      vertex 11.7 8.7 19
    endloop
  endfacet
  facet normal 0 -1 0
    outer loop
      vertex -11.7 8.7 19
      vertex 11.7 8.7 19
      vertex 11.7 8.7 20.5
    endloop
  endfacet
  facet normal 0 0 1
    outer loop
      vertex 11.7 -8.7 19
      vertex 11.7 8.7 19
      vertex 10.7 7.7 19
    endloop
  endfacet
  facet normal -1 0 0
    outer loop
      vertex 11.7 8.7 19
      vertex 11.7 -8.7 20.5
      vertex 11.7 8.7 20.5
    endloop
  endfacet
  facet normal 1 0 0
    outer loop
      vertex -3.5 -7.7 16.3
      vertex -3.5 -8.7 19
      vertex -3.5 -17.9 16.3
    endloop
  endfacet
  facet normal 0 0 1
    outer loop
      vertex -3.5 -7.7 16.3
      vertex -3.5 -17.9 16.3
      vertex 3.5 -7.7 16.3
    endloop
  endfacet
  facet normal 1 0 0
    outer loop
      vertex -3.5 -8.7 19
      vertex -3.5 -17.9 20.5
      vertex -3.5 -17.9 16.3
    endloop
  endfacet
  facet normal 1 0 0
    outer loop
      vertex -3.5 -8.7 19
      vertex -3.5 -8.7 20.5
      vertex -3.5 -17.9 20.5
    endloop
  endfacet
  facet normal 1 0 0
    outer loop
      vertex -3.5 -7.7 16.3
      vertex -3.5 -7.7 19
      vertex -3.5 -8.7 19
    endloop
  endfacet
  facet normal 0 0 1
    outer loop
      vertex 3.5 -7.7 16.3
      vertex -3.5 -17.9 16.3
      vertex 3.5 -17.9 16.3
    endloop
  endfacet
  facet normal -1 0 0
    outer loop
      vertex 3.5 -7.7 16.3
      vertex 3.5 -17.9 16.3
      vertex 3.5 -17.9 20.5
    endloop
  endfacet
  facet normal -1 0 0
    outer loop
      vertex 3.5 -7.7 16.3
      vertex 3.5 -17.9 20.5
      vertex 3.5 -8.7 19
    endloop
  endfacet
  facet normal -1 0 0
    outer loop
      vertex 3.5 -8.7 19
      vertex 3.5 -17.9 20.5
      vertex 3.5 -8.7 20.5
    endloop
  endfacet
  facet normal -1 0 0
    outer loop
      vertex 3.5 -7.7 16.3
      vertex 3.5 -8.7 19
      vertex 3.5 -7.7 19
    endloop
  endfacet
endsolid OpenSCAD_Model
